datetime,portfolio_value,cash,return
2020-06-01 09:30:00-04:00,100000.0,100000.0,
2020-06-02 09:30:00-04:00,100000.0,100000.0,0.0
2020-06-03 09:30:00-04:00,100000.0,100000.0,0.0
2020-06-04 09:30:00-04:00,100000.0,100000.0,0.0
2020-06-05 09:30:00-04:00,100000.0,100000.0,0.0
2020-06-06 09:30:00-04:00,100000.0,100000.0,0.0
2020-06-08 09:30:00-04:00,100000.0,100000.0,0.0
2020-06-09 09:30:00-04:00,100000.0,100000.0,0.0
2020-06-10 09:30:00-04:00,100000.0,100000.0,0.0
2020-06-11 09:30:00-04:00,100000.0,100000.0,0.0
2020-06-12 09:30:00-04:00,100257.60009765625,124916.79931640625,0.0025760009765625203
2020-06-13 09:30:00-04:00,100257.60009765625,124916.79931640625,0.0
2020-06-15 09:30:00-04:00,101075.2001953125,124916.79931640625,0.008154993704815094
2020-06-16 09:30:00-04:00,97845.0961303711,156208.8981628418,-0.0319574342538993
2020-06-17 09:30:00-04:00,97957.89642333984,123083.49700927734,0.0011528456451046498
2020-06-18 09:30:00-04:00,98680.57598876953,153862.35772705078,0.007377450841803634
2020-06-19 09:30:00-04:00,97940.09533691406,153862.35772705078,-0.0075038136374451225
2020-06-20 09:30:00-04:00,97940.09533691406,153862.35772705078,0.0
2020-06-22 09:30:00-04:00,98796.99146533204,153619.2097270508,0.008749186178247603
2020-06-23 09:30:00-04:00,97130.49146533204,192117.95850634767,-0.01686792254787206
2020-06-24 09:30:00-04:00,98236.43961596681,192117.95850634767,0.011386209767398459
2020-06-25 09:30:00-04:00,100166.54813647462,192117.95850634767,0.01964758218083973
2020-06-26 09:30:00-04:00,100591.56852221681,52218.28794360353,0.0042431369918338735
2020-06-27 09:30:00-04:00,100591.56852221681,52218.28794360353,0.0
2020-06-29 09:30:00-04:00,99841.06852221681,52218.28794360353,-0.007460863877813417
2020-06-30 09:30:00-04:00,100248.70640063478,52218.28794360353,0.004082867746224794
2020-07-01 09:30:00-04:00,100008.7656657715,113320.2759807129,-0.0023934546736631424
2020-07-02 09:30:00-04:00,100438.40409350587,71528.32499194337,0.004296007703666893
2020-07-03 09:30:00-04:00,100438.40409350587,71528.32499194337,0.0
2020-07-06 09:30:00-04:00,100634.36454272462,71528.32499194337,0.0019510510047164864
2020-07-07 09:30:00-04:00,100690.793986084,118667.45426440431,0.0005607373148903694
2020-07-08 09:30:00-04:00,100734.68509936525,118667.45426440431,0.0004358999620890369
2020-07-09 09:30:00-04:00,100607.57447314454,118667.45426440431,-0.0012618357430245197
2020-07-10 09:30:00-04:00,100751.78440356447,118667.45426440431,0.0014333903900884959
2020-07-11 09:30:00-04:00,100751.78440356447,118667.45426440431,0.0
2020-07-13 09:30:00-04:00,100420.043986084,118667.45426440431,-0.003292650541569242
2020-07-14 09:30:00-04:00,100809.35496020509,118667.45426440431,0.003876825369395709
2020-07-15 09:30:00-04:00,100290.08405566408,118667.45426440431,-0.005151019017490932
2020-07-16 09:30:00-04:00,100439.42377734376,118667.45426440431,0.0014890776399867356
2020-07-17 09:30:00-04:00,100633.79343676759,70698.95298266603,0.001935192896513449
2020-07-18 09:30:00-04:00,100633.79343676759,70698.95298266603,0.0
2020-07-20 09:30:00-04:00,100591.94230151369,70698.95298266603,-0.00041587556053124253
2020-07-21 09:30:00-04:00,101058.80411791994,70698.95298266603,0.004641145261982116
2020-07-22 09:30:00-04:00,100888.61252856447,70698.95298266603,-0.0016840847350308996
2020-07-23 09:30:00-04:00,101060.66309619142,70698.95298266603,0.0017053517073419844
2020-07-24 09:30:00-04:00,100547.30411791994,70698.95298266603,-0.00507971116103656
2020-07-25 09:30:00-04:00,100547.30411791994,70698.95298266603,0.0
2020-07-27 09:30:00-04:00,100610.54343676759,70698.95298266603,0.0006289509142232141
2020-07-28 09:30:00-04:00,100684.94230151369,70698.95298266603,0.0007394738384736144
2020-07-29 09:30:00-04:00,100656.11252856447,70698.95298266603,-0.0002863364897491838
2020-07-30 09:30:00-04:00,100635.65241503908,70698.95298266603,-0.00020326747190424488
2020-07-31 09:30:00-04:00,101227.65241503908,52994.45331835939,0.005882607066116874
2020-08-01 09:30:00-04:00,101227.65241503908,52994.45331835939,0.0
2020-08-03 09:30:00-04:00,101585.81440234376,52994.45331835939,0.003538183280554552
2020-08-04 09:30:00-04:00,101517.73115039064,52994.45331835939,-0.0006702043228542509
2020-08-05 09:30:00-04:00,102052.01349902345,52994.45331835939,0.005262946113731681
2020-08-06 09:30:00-04:00,102053.89533496095,39735.65326953126,1.8439968727523848e-05
2020-08-07 09:30:00-04:00,102392.29304003908,39735.65326953126,0.003315872500186723
2020-08-08 09:30:00-04:00,102392.29304003908,39735.65326953126,0.0
2020-08-10 09:30:00-04:00,102726.93281054689,39735.65326953126,0.0032682124852596584
2020-08-11 09:30:00-04:00,103063.4544169922,39735.65326953126,0.003275884884696545
2020-08-12 09:30:00-04:00,103104.34452319337,112832.10459399415,0.00039674690153246317
2020-08-13 09:30:00-04:00,103070.41501879884,112832.10459399415,-0.00032907928905845374
2020-08-14 09:30:00-04:00,103076.21448779298,112832.10459399415,5.626705774952612e-05
2020-08-15 09:30:00-04:00,103076.21448779298,112832.10459399415,0.0
2020-08-17 09:30:00-04:00,103031.84452319337,112832.10459399415,-0.0004304578395714076
2020-08-18 09:30:00-04:00,103020.24470019533,112832.10459399415,-0.00011258483289056098
2020-08-19 09:30:00-04:00,102999.65494799806,112832.10459399415,-0.00019986122394854977
2020-08-20 09:30:00-04:00,103106.66501879884,112832.10459399415,0.0010389362066776098
2020-08-21 09:30:00-04:00,103032.42420458986,112832.10459399415,-0.0007200389440920052
2020-08-22 09:30:00-04:00,103032.42420458986,112832.10459399415,0.0
2020-08-24 09:30:00-04:00,102910.62473559572,112832.10459399415,-0.0011821469788217964
2020-08-25 09:30:00-04:00,102869.73462939454,112832.10459399415,-0.0003973360992242103
2020-08-26 09:30:00-04:00,102834.06431079103,112832.10459399415,-0.0003467523147796525
2020-08-27 09:30:00-04:00,102725.31431079103,112832.10459399415,-0.0010575289494668683
2020-08-28 09:30:00-04:00,102698.34452319337,112832.10459399415,-0.00026254276055126535
2020-08-29 09:30:00-04:00,102698.34452319337,141136.74479174806,0.0
2020-08-31 09:30:00-04:00,102598.24412036134,141136.74479174806,-0.000974703178486247
2020-09-01 09:30:00-04:00,102613.64573168947,141136.74479174806,0.000150115739895762
2020-09-02 09:30:00-04:00,101672.581095459,176507.95392871095,-0.009170950213494344
2020-09-03 09:30:00-04:00,101454.18442797853,166222.52353930665,-0.0021480389808872236
2020-09-04 09:30:00-04:00,104366.44150805665,207859.3129680176,0.02870514505141486
2020-09-05 09:30:00-04:00,104366.44150805665,207859.3129680176,0.0
2020-09-08 09:30:00-04:00,107183.02552294923,207859.3129680176,0.026987448974919337
2020-09-09 09:30:00-04:00,106931.86661791994,207859.3129680176,-0.002343271276434744
2020-09-10 09:30:00-04:00,105655.13077807619,207859.3129680176,-0.011939713391571849
2020-09-11 09:30:00-04:00,107449.13077807619,207859.3129680176,0.01697977170430298
2020-09-12 09:30:00-04:00,107449.13077807619,259911.4141032715,0.0
2020-09-14 09:30:00-04:00,106690.95853686525,259911.4141032715,-0.007056103997498675
2020-09-15 09:30:00-04:00,104342.34537768556,325046.9822185059,-0.022013235154956123
2020-09-16 09:30:00-04:00,103997.18241381837,406233.5410563965,-0.0033079854839165312
2020-09-17 09:30:00-04:00,111032.94321704103,406233.5410563965,0.06765337906200619
2020-09-18 09:30:00-04:00,109431.09537768556,406233.5410563965,-0.014426779953263691
2020-09-19 09:30:00-04:00,109431.09537768556,406233.5410563965,0.0
2020-09-21 09:30:00-04:00,116804.01525317383,405048.5260563965,0.06737499839548988
2020-09-22 09:30:00-04:00,114264.06957446289,405048.5260563965,-0.021745362718957773
2020-09-23 09:30:00-04:00,112202.03145800781,405048.5260563965,-0.018046251320598228
2020-09-24 09:30:00-04:00,120768.82497607422,405048.5260563965,0.07635150100889732
2020-09-25 09:30:00-04:00,119565.2379399414,405048.5260563965,-0.009966040792160236
2020-09-26 09:30:00-04:00,119565.2379399414,405048.5260563965,0.0
2020-09-28 09:30:00-04:00,110148.82497607422,405048.5260563965,-0.07875544034460191
2020-09-29 09:30:00-04:00,109485.07497607422,405048.5260563965,-0.006025938090072014
2020-09-30 09:30:00-04:00,110263.87929736328,405048.5260563965,0.007113337790189744
2020-10-01 09:30:00-04:00,106192.87389575195,405048.5260563965,-0.03692057115669323
2020-10-02 09:30:00-04:00,111494.01525317383,405048.5260563965,0.049919934953694955
2020-10-03 09:30:00-04:00,111494.01525317383,405048.5260563965,0.0
2020-10-05 09:30:00-04:00,107635.42821704102,405048.5260563965,-0.03460801933961177
2020-10-06 09:30:00-04:00,104228.17281542969,405048.5260563965,-0.031655519544557253
2020-10-07 09:30:00-04:00,105812.33037768555,405048.5260563965,0.01519893824735008
2020-10-08 09:30:00-04:00,101626.27065478516,405048.5260563965,-0.03956117125441527
2020-10-09 09:30:00-04:00,99227.92821704102,405048.5260563965,-0.02359963051179048
2020-10-10 09:30:00-04:00,99227.92821704102,405048.5260563965,0.0
2020-10-12 09:30:00-04:00,95193.12253771973,350393.8198643799,-0.040661996595313
2020-10-13 09:30:00-04:00,93229.42075549316,350393.8198643799,-0.020628609818408417
2020-10-14 09:30:00-04:00,94727.2895604248,438111.5395604248,0.01606648194093152
2020-10-15 09:30:00-04:00,101619.45792590332,438111.5395604248,0.07275800244534736
2020-10-16 09:30:00-04:00,96479.70792590332,438111.5395604248,-0.050578404027186274
2020-10-17 09:30:00-04:00,96479.70792590332,438111.5395604248,0.0
2020-10-19 09:30:00-04:00,96783.1955357666,438111.5395604248,0.00314561078580744
2020-10-20 09:30:00-04:00,101864.20792590332,438111.5395604248,0.05249891122120487
2020-10-21 09:30:00-04:00,101991.48270617676,438111.5395604248,0.001249455356939766
2020-10-22 09:30:00-04:00,102353.70792590332,438111.5395604248,0.0035515242068799857
2020-10-23 09:30:00-04:00,99446.07673083496,438111.5395604248,-0.028407678177846507
2020-10-24 09:30:00-04:00,99446.07673083496,438111.5395604248,0.0
2020-10-26 09:30:00-04:00,103166.26478015137,438111.5395604248,0.037409098192838997
2020-10-27 09:30:00-04:00,102407.86634265137,-6315.336782348633,-0.007351225123020222
2020-10-28 09:30:00-04:00,99956.66517077637,-6315.336782348633,-0.02393567271163921
2020-10-29 09:30:00-04:00,98295.86438952637,-6315.336782348633,-0.01661520798450522
2020-10-30 09:30:00-04:00,98734.26282702637,-6315.336782348633,0.004459988629457623
2020-10-31 09:30:00-04:00,97692.18470202637,97692.18470202637,-0.01055437185798036
2020-11-02 09:30:00-05:00,97692.18470202637,97692.18470202637,0.0
2020-11-03 09:30:00-05:00,97692.18470202637,97692.18470202637,0.0
2020-11-04 09:30:00-05:00,97692.18470202637,97692.18470202637,0.0
2020-11-05 09:30:00-05:00,97692.18470202637,97692.18470202637,0.0
2020-11-06 09:30:00-05:00,97692.18470202637,97692.18470202637,0.0
2020-11-07 09:30:00-05:00,97692.18470202637,97692.18470202637,0.0
2020-11-09 09:30:00-05:00,97692.18470202637,97692.18470202637,0.0
2020-11-10 09:30:00-05:00,97692.18470202637,97692.18470202637,0.0
2020-11-11 09:30:00-05:00,97692.18470202637,97692.18470202637,0.0
2020-11-12 09:30:00-05:00,97692.18470202637,97692.18470202637,0.0
2020-11-13 09:30:00-05:00,97692.18470202637,97692.18470202637,0.0
2020-11-14 09:30:00-05:00,97692.18470202637,97692.18470202637,0.0
2020-11-16 09:30:00-05:00,97692.18470202637,97692.18470202637,0.0
2020-11-17 09:30:00-05:00,97692.18470202637,97692.18470202637,0.0
2020-11-18 09:30:00-05:00,97692.18470202637,97692.18470202637,0.0
2020-11-19 09:30:00-05:00,97692.18470202637,97692.18470202637,0.0
2020-11-20 09:30:00-05:00,97692.18470202637,97692.18470202637,0.0
2020-11-21 09:30:00-05:00,97692.18470202637,97692.18470202637,0.0
2020-11-23 09:30:00-05:00,97692.18470202637,97692.18470202637,0.0
2020-11-24 09:30:00-05:00,97692.18470202637,97692.18470202637,0.0
2020-11-25 09:30:00-05:00,97692.18470202637,97692.18470202637,0.0
2020-11-26 09:30:00-05:00,97692.18470202637,97692.18470202637,0.0
2020-11-27 09:30:00-05:00,97692.18470202637,97692.18470202637,0.0
2020-11-28 09:30:00-05:00,97692.18470202637,97692.18470202637,0.0
2020-11-30 09:30:00-05:00,97692.18470202637,97692.18470202637,0.0
2020-12-01 09:30:00-05:00,97692.18470202637,97692.18470202637,0.0
2020-12-02 09:30:00-05:00,97692.18470202637,97692.18470202637,0.0
2020-12-03 09:30:00-05:00,97692.18470202637,97692.18470202637,0.0
2020-12-04 09:30:00-05:00,97735.06568347168,73124.62519274902,0.00043893973275443976
2020-12-05 09:30:00-05:00,97735.06568347168,73124.62519274902,0.0
2020-12-07 09:30:00-05:00,97848.96445666504,73124.62519274902,0.0011653828889033324
2020-12-08 09:30:00-05:00,97761.86527453613,73124.62519274902,-0.0008901390281701449
2020-12-09 09:30:00-05:00,97973.58551989746,73124.62519274902,0.0021656731361126003
2020-12-10 09:30:00-05:00,97604.41486560059,73124.62519274902,-0.0037680631196446157
2020-12-11 09:30:00-05:00,97572.92478381348,73124.62519274902,-0.00032262968668450576
2020-12-12 09:30:00-05:00,97572.92478381348,73124.62519274902,0.0
2020-12-14 09:30:00-05:00,97823.50617419434,73124.62519274902,0.0025681447075205366
2020-12-15 09:30:00-05:00,97740.42478381348,73124.62519274902,-0.0008492988406376689
2020-12-16 09:30:00-05:00,97902.56568347168,73124.62519274902,0.0016588929300935806
2020-12-17 09:30:00-05:00,98044.60535632324,73124.62519274902,0.0014508268691424409
2020-12-18 09:30:00-05:00,97979.61527453613,73124.62519274902,-0.0006628623936106859
2020-12-19 09:30:00-05:00,97979.61527453613,73124.62519274902,0.0
2020-12-21 09:30:00-05:00,97683.47527453613,73230.48519274902,-0.0030224654298777187
2020-12-22 09:30:00-05:00,97900.55462023926,73230.48519274902,0.0022222729596079738
2020-12-23 09:30:00-05:00,97905.24511096191,73230.48519274902,4.7910767623893236e-05
2020-12-24 09:30:00-05:00,97891.84429309082,73230.48519274902,-0.00013687538247730835
2020-12-25 09:30:00-05:00,97891.84429309082,73230.48519274902,0.0
2020-12-28 09:30:00-05:00,98137.06453845215,73230.48519274902,0.002505012007201879
2020-12-29 09:30:00-05:00,98275.7550291748,73230.48519274902,0.0014132325169387006
2020-12-30 09:30:00-05:00,98177.2649473877,73230.48519274902,-0.0010021808711403457
2020-12-31 09:30:00-05:00,98139.74511096191,73230.48519274902,-0.0003821642051842211
2021-01-01 09:30:00-05:00,98139.74511096191,116356.96505114746,0.0
2021-01-04 09:30:00-05:00,97966.77517077637,116356.96505114746,-0.0017624861363759736
2021-01-05 09:30:00-05:00,98320.0647520752,116356.96505114746,0.003606218339666345
2021-01-06 09:30:00-05:00,98241.17546984863,116356.96505114746,-0.0008023721549156315
2021-01-07 09:30:00-05:00,97928.0647520752,116356.96505114746,-0.003187163796401604
2021-01-08 09:30:00-05:00,97708.05523059082,116356.96505114746,-0.002246644228509731
2021-01-09 09:30:00-05:00,97708.05523059082,116356.96505114746,0.0
2021-01-11 09:30:00-05:00,97842.3147520752,116356.96505114746,0.0013740885658559687
2021-01-12 09:30:00-05:00,97791.35433337402,116356.96505114746,-0.000520842325023696
2021-01-13 09:30:00-05:00,97801.15493151855,116356.96505114746,0.00010021947452654167
2021-01-14 09:30:00-05:00,97708.05523059082,116356.96505114746,-0.0009519284408545658
2021-01-15 09:30:00-05:00,98191.80462023924,145281.80477282713,0.004950967333315237
2021-01-16 09:30:00-05:00,98191.80462023924,145281.80477282713,0.0
2021-01-19 09:30:00-05:00,97989.3052305908,145281.80477282713,-0.0020622840208672777
2021-01-20 09:30:00-05:00,97643.05660388182,145281.80477282713,-0.0035335348678530165
2021-01-21 09:30:00-05:00,97220.55599353026,145281.80477282713,-0.00432699082808885
2021-01-22 09:30:00-05:00,97500.55477282713,145281.80477282713,0.002880036803281749
2021-01-23 09:30:00-05:00,97500.55477282713,145281.80477282713,0.0
2021-01-25 09:30:00-05:00,97323.05309436034,145281.80477282713,-0.001820519676840493
2021-01-26 09:30:00-05:00,97105.55431506346,145281.80477282713,-0.0022348125380530215
2021-01-27 09:30:00-05:00,97754.30462023924,145281.80477282713,0.0066808774199556
2021-01-28 09:30:00-05:00,98236.80660388182,145281.80477282713,0.0049358643132599855
2021-01-29 09:30:00-05:00,98398.86226794432,181788.7233519287,0.0016496430377257454
2021-01-30 09:30:00-05:00,98398.86226794432,181788.7233519287,0.0
2021-02-01 09:30:00-05:00,98822.8830809326,181788.7233519287,0.004309204427929814
2021-02-02 09:30:00-05:00,97506.42470690917,181788.7233519287,-0.013321392100504759
2021-02-03 09:30:00-05:00,96887.04280993651,181788.7233519287,-0.006352216265076205
2021-02-04 09:30:00-05:00,96771.60524890135,181788.7233519287,-0.0011914654187723528
2021-02-05 09:30:00-05:00,95608.32064196776,181788.7233519287,-0.012020929113881751
2021-02-06 09:30:00-05:00,95608.32064196776,181788.7233519287,0.0
2021-02-08 09:30:00-05:00,95316.93431536865,162660.64241473388,-0.003047708867205068
2021-02-09 09:30:00-05:00,95258.11494891357,162660.64241473388,-0.0006170925122336302
2021-02-10 09:30:00-05:00,94823.88325946045,162660.64241473388,-0.004558474516171196
2021-02-11 09:30:00-05:00,94976.12410418701,162660.64241473388,0.0016055116020716742
2021-02-12 09:30:00-05:00,95216.59135882568,162660.64241473388,0.0025318705822832133
2021-02-13 09:30:00-05:00,95216.59135882568,162660.64241473388,0.0
2021-02-16 09:30:00-05:00,94505.56389300537,162660.64241473388,-0.007467474477644287
2021-02-17 09:30:00-05:00,95117.98009173584,162660.64241473388,0.006480213158918557
2021-02-18 09:30:00-05:00,95261.5730482788,162660.64241473388,0.0015096300027026555
2021-02-19 09:30:00-05:00,95519.49419085693,54744.21342913818,0.0027075045511522067
2021-02-20 09:30:00-05:00,95519.49419085693,54744.21342913818,0.0
2021-02-22 09:30:00-05:00,94998.45317523193,54744.21342913818,-0.005454813386929325
2021-02-23 09:30:00-05:00,94748.85380999756,54744.21342913818,-0.0026274045196711393
2021-02-24 09:30:00-05:00,94922.5320326538,54744.21342913818,0.0018330377167889988
2021-02-25 09:30:00-05:00,95346.85380999756,54744.21342913818,0.004470190251538719
2021-02-26 09:30:00-05:00,94716.6140639038,54744.21342913818,-0.006609968980724412
2021-02-27 09:30:00-05:00,94716.6140639038,54744.21342913818,0.0
2021-03-01 09:30:00-05:00,94845.5730482788,54744.21342913818,0.001361524434224215
2021-03-02 09:30:00-05:00,95285.49419085693,54744.21342913818,0.004638288624754239
2021-03-03 09:30:00-05:00,94866.37431781006,54744.21342913818,-0.004398569547295228
2021-03-04 09:30:00-05:00,94391.0935560913,54744.21342913818,-0.005010002386372614
2021-03-05 09:30:00-05:00,94312.0525404663,54744.21342913818,-0.0008373778991980219
2021-03-06 09:30:00-05:00,94312.0525404663,54744.21342913818,0.0
2021-03-08 09:30:00-05:00,94748.85380999756,54744.21342913818,0.004631446965315922
2021-03-09 09:30:00-05:00,94872.6140639038,54744.21342913818,0.0013061926232313947
2021-03-10 09:30:00-05:00,95271.97368304443,54744.21342913818,0.004209429908525797
2021-03-11 09:30:00-05:00,95536.1345717163,54744.21342913818,0.002772703014956912
2021-03-12 09:30:00-05:00,95519.49419085693,54744.21342913818,-0.000174178921242496
2021-03-13 09:30:00-05:00,95519.49419085693,54744.21342913818,0.0
2021-03-15 09:30:00-04:00,95754.5320326538,54744.21342913818,0.002460626951470646
2021-03-16 09:30:00-04:00,96039.49419085693,54744.21342913818,0.0029759652327050468
2021-03-17 09:30:00-04:00,95775.33330218506,54744.21342913818,-0.00275054435570965
2021-03-18 09:30:00-04:00,95770.1345717163,54744.21342913818,-5.428047378697176e-05
2021-03-19 09:30:00-04:00,95291.73393695068,54744.21342913818,-0.004995300851408757
2021-03-20 09:30:00-04:00,95291.73393695068,54744.21342913818,0.0
2021-03-22 09:30:00-04:00,95440.24530218505,54877.12542913818,0.0015584915826238888
2021-03-23 09:30:00-04:00,95635.76580999755,54877.12542913818,0.0020486169874505133
2021-03-24 09:30:00-04:00,95541.12542913818,54877.12542913818,-0.000989591917394117
2021-03-25 09:30:00-04:00,95019.0465717163,54877.12542913818,-0.00546444115114697
2021-03-26 09:30:00-04:00,95533.84466741943,54877.12542913818,0.005417841098990461
2021-03-27 09:30:00-04:00,95533.84466741943,54877.12542913818,0.0
2021-03-29 09:30:00-04:00,95894.72479437255,54877.12542913818,0.003777510768141479
2021-03-30 09:30:00-04:00,95896.80682562255,54877.12542913818,2.1711634862864315e-05
2021-03-31 09:30:00-04:00,95992.4850482788,54877.12542913818,0.000997720631409793
2021-04-01 09:30:00-04:00,96310.72479437255,54877.12542913818,0.003315256875928263
2021-04-02 09:30:00-04:00,96310.72479437255,54877.12542913818,0.0
2021-04-05 09:30:00-04:00,96836.9645404663,54877.12542913818,0.005463978671298442
2021-04-06 09:30:00-04:00,96758.76391790771,110554.60424993896,-0.0008075492961772124
2021-04-07 09:30:00-04:00,96752.64416693115,110554.60424993896,-6.324751091024705e-05
2021-04-08 09:30:00-04:00,96684.9844989624,110554.60424993896,-0.0006993056215809368
2021-04-09 09:30:00-04:00,96669.34375189208,110554.60424993896,-0.00016177017715179876
2021-04-10 09:30:00-04:00,96669.34375189208,110554.60424993896,0.0
2021-04-12 09:30:00-04:00,96585.70404241943,110554.60424993896,-0.0008652144126199968
2021-04-13 09:30:00-04:00,96562.58429144286,110554.60424993896,-0.00023937032095777688
2021-04-14 09:30:00-04:00,96518.38470648193,110554.60424993896,-0.00045772993013049046
2021-04-15 09:30:00-04:00,96487.44458197021,110554.60424993896,-0.000320561980039491
2021-04-16 09:30:00-04:00,96368.10424993896,110554.60424993896,-0.0012368483023702526
2021-04-17 09:30:00-04:00,96368.10424993896,110554.60424993896,0.0
2021-04-19 09:30:00-04:00,96401.76391790771,110554.60424993896,0.0003492822467634493
2021-04-20 09:30:00-04:00,96481.66412542724,110554.60424993896,0.0008288251612031949
2021-04-21 09:30:00-04:00,96563.26391790771,110554.60424993896,0.0008457544054629729
2021-04-22 09:30:00-04:00,96414.34375189208,110554.60424993896,-0.001542203110928675
2021-04-23 09:30:00-04:00,96517.02441595458,110554.60424993896,0.0010649936520517045
2021-04-24 09:30:00-04:00,96517.02441595458,110554.60424993896,0.0
2021-04-26 09:30:00-04:00,96361.64416693115,110554.60424993896,-0.0016098740088982266
2021-04-27 09:30:00-04:00,96344.9844989624,110554.60424993896,-0.0001728869210646522
2021-04-28 09:30:00-04:00,96349.06433294677,110554.60424993896,4.234609622488783e-05
2021-04-29 09:30:00-04:00,96263.72400091552,110554.60424993896,-0.0008857411602498644
2021-04-30 09:30:00-04:00,96086.18383978271,68522.60351751708,-0.001844310127988802
2021-05-01 09:30:00-04:00,96086.18383978271,68522.60351751708,0.0
2021-05-03 09:30:00-04:00,96204.98303411865,68522.60351751708,0.0012363816481049117
2021-05-04 09:30:00-04:00,95983.22400091552,68522.60351751708,-0.002305068055824866
2021-05-05 09:30:00-04:00,96069.68383978271,68522.60351751708,0.00090078073295774
2021-05-06 09:30:00-04:00,95967.38263128661,68522.60351751708,-0.0010648646316636645
2021-05-07 09:30:00-04:00,96235.34448431396,68522.60351751708,0.0027922179982429185
2021-05-08 09:30:00-04:00,96235.34448431396,68522.60351751708,0.0
2021-05-10 09:30:00-04:00,96407.60351751708,68522.60351751708,0.0017899767920630527
2021-05-11 09:30:00-04:00,95787.20392034911,68522.60351751708,-0.006435172896453567
2021-05-12 09:30:00-04:00,95663.78424261474,68522.60351751708,-0.0012884777160527827
2021-05-13 09:30:00-04:00,95389.22400091552,68522.60351751708,-0.0028700541576204275
2021-05-14 09:30:00-04:00,95794.46295355224,68522.60351751708,0.004248267630658553
2021-05-15 09:30:00-04:00,95794.46295355224,68522.60351751708,0.0
2021-05-17 09:30:00-04:00,95938.34448431396,68522.60351751708,0.0015019817046364459
2021-05-18 09:30:00-04:00,95965.40271185302,68522.60351751708,0.00028203767413859104
2021-05-19 09:30:00-04:00,95379.32440374755,68522.60351751708,-0.006107183334240096
2021-05-20 09:30:00-04:00,95174.36548040771,112469.9649677124,-0.002148882104388128
2021-05-21 09:30:00-04:00,94961.42517279052,112469.9649677124,-0.002237370394247873
2021-05-22 09:30:00-04:00,94961.42517279052,112469.9649677124,0.0
2021-05-24 09:30:00-04:00,94941.68512152099,112469.9649677124,-0.00020787442094105657
2021-05-25 09:30:00-04:00,94816.10553167724,112469.9649677124,-0.0013227023481099387
2021-05-26 09:30:00-04:00,94877.42517279052,112469.9649677124,0.0006467217860239849
2021-05-27 09:30:00-04:00,94822.82440374755,112469.9649677124,-0.0005754874665235832
2021-05-28 09:30:00-04:00,94735.62573431397,140621.3558673706,-0.000919595782786331
2021-05-29 09:30:00-04:00,94735.62573431397,140621.3558673706,0.0
2021-06-01 09:30:00-04:00,94561.22506903077,140621.3558673706,-0.0018409195477561147
2021-06-02 09:30:00-04:00,94983.62741278077,175694.66647528077,0.004466971990280788
2021-06-03 09:30:00-04:00,95467.46530340577,175694.66647528077,0.005093908327193475
2021-06-04 09:30:00-04:00,94910.66647528077,175694.66647528077,-0.005832341168328203
2021-06-05 09:30:00-04:00,94910.66647528077,175694.66647528077,0.0
2021-06-07 09:30:00-04:00,94557.38717840577,175694.66647528077,-0.0037222296502049668
2021-06-08 09:30:00-04:00,94457.54928778077,175694.66647528077,-0.0010558444306062453
2021-06-09 09:30:00-04:00,94444.10788153077,175694.66647528077,-0.00014230102677181833
2021-06-10 09:30:00-04:00,94509.2282428589,219705.38571356202,0.0006895121653307523
2021-06-11 09:30:00-04:00,94142.18210028077,219705.38571356202,-0.003883706907805151
2021-06-12 09:30:00-04:00,94142.18210028077,219705.38571356202,0.0
2021-06-14 09:30:00-04:00,94074.10788153077,219705.38571356202,-0.0007231000730096859
2021-06-15 09:30:00-04:00,93781.06173895265,219705.38571356202,-0.003115056301646435
2021-06-16 09:30:00-04:00,94014.90426824952,219705.38571356202,0.002493494155011655
2021-06-17 09:30:00-04:00,94891.06173895265,219705.38571356202,0.009319346517688398
2021-06-18 09:30:00-04:00,96246.7467975464,219705.38571356202,0.014286751921095187
2021-06-19 09:30:00-04:00,96246.7467975464,219705.38571356202,0.0
2021-06-21 09:30:00-04:00,95925.29332684327,219298.08971356202,-0.0033398892055988005
2021-06-22 09:30:00-04:00,94726.4879069214,219298.08971356202,-0.012497281773611313
2021-06-23 09:30:00-04:00,94033.84899090577,219298.08971356202,-0.007311987716637547
2021-06-24 09:30:00-04:00,93530.64537762452,219298.08971356202,-0.005351302947621761
2021-06-25 09:30:00-04:00,93231.69152020264,219298.08971356202,-0.003196319839501416
2021-06-26 09:30:00-04:00,93231.69152020264,219298.08971356202,0.0
2021-06-28 09:30:00-04:00,92851.7337107544,201352.91712139893,-0.004075414735620342
2021-06-29 09:30:00-04:00,92671.39588116456,201352.91712139893,-0.0019422128417291296
2021-06-30 09:30:00-04:00,92841.57929180909,201352.91712139893,0.001836417904644172
2021-07-01 09:30:00-04:00,92419.9383616333,201352.91712139893,-0.004541509670473509
2021-07-02 09:30:00-04:00,91708.7337107544,201352.91712139893,-0.007695359502361998
2021-07-03 09:30:00-04:00,91708.7337107544,201352.91712139893,0.0
2021-07-06 09:30:00-04:00,91172.79743145753,201352.91712139893,-0.005843895751381667
2021-07-07 09:30:00-04:00,91203.27619122315,201352.91712139893,0.00033429663917616814
2021-07-08 09:30:00-04:00,92442.79743145753,201352.91712139893,0.013590753446570458
2021-07-09 09:30:00-04:00,91490.29743145753,201352.91712139893,-0.01030366914962999
2021-07-10 09:30:00-04:00,91490.29743145753,201352.91712139893,0.0
2021-07-12 09:30:00-04:00,90753.6989817505,201352.91712139893,-0.008051110012609497
2021-07-13 09:30:00-04:00,90547.95960186768,201352.91712139893,-0.0022670082012214987
2021-07-14 09:30:00-04:00,90253.3186716919,201352.91712139893,-0.0032539764724826004
2021-07-15 09:30:00-04:00,90911.17774151612,201352.91712139893,0.007289029140493675
2021-07-16 09:30:00-04:00,90606.37464093018,201352.91712139893,-0.003352757143379792
2021-07-17 09:30:00-04:00,90606.37464093018,251494.0682444458,0.0
2021-07-19 09:30:00-04:00,94229.9573435669,251494.0682444458,0.039992580179891934
2021-07-20 09:30:00-04:00,94418.15094708253,251494.0682444458,0.00199717381627873
2021-07-21 09:30:00-04:00,91960.60959576417,251494.0682444458,-0.026028272389020946
2021-07-22 09:30:00-04:00,91075.01184796143,251494.0682444458,-0.009630185703374483
2021-07-23 09:30:00-04:00,90049.19229840089,251494.0682444458,-0.011263457766802487
2021-07-24 09:30:00-04:00,90049.19229840089,251494.0682444458,0.0
2021-07-26 09:30:00-04:00,89388.67914532471,251494.0682444458,-0.007335025847732157
2021-07-27 09:30:00-04:00,89167.27689312745,251494.0682444458,-0.0024768489065301047
2021-07-28 09:30:00-04:00,89252.15094708253,251494.0682444458,0.0009518520348761328
2021-07-29 09:30:00-04:00,89200.48554180909,251494.0682444458,-0.0005788701417859254
2021-07-30 09:30:00-04:00,89686.28669384765,221935.10779980468,0.00544617161092531
2021-07-31 09:30:00-04:00,89686.28669384765,221935.10779980468,0.0
2021-08-02 09:30:00-04:00,88952.42890576171,221935.10779980468,-0.00818249718143671
2021-08-03 09:30:00-04:00,89526.2270625,221935.10779980468,0.006450618198927227
2021-08-04 09:30:00-04:00,89121.54816845703,221935.10779980468,-0.004520227282229339
2021-08-05 09:30:00-04:00,88988.66743115234,221935.10779980468,-0.0014910057111386932
2021-08-06 09:30:00-04:00,88420.90595654296,221935.10779980468,-0.006380154810708194
2021-08-07 09:30:00-04:00,88420.90595654296,221935.10779980468,0.0
2021-08-09 09:30:00-04:00,88312.19038037109,221935.10779980468,-0.0012295234367458718
2021-08-10 09:30:00-04:00,88266.8922236328,221935.10779980468,-0.0005129320940084892
2021-08-11 09:30:00-04:00,87901.46558789062,221935.10779980468,-0.00414001928170693
2021-08-12 09:30:00-04:00,87945.26826123046,185098.04719189453,0.0004983156201878725
2021-08-13 09:30:00-04:00,87643.94241284177,138886.7919916992,-0.003426288353497786
2021-08-14 09:30:00-04:00,87643.94241284177,138886.7919916992,0.0
2021-08-16 09:30:00-04:00,87765.84213208006,138886.7919916992,0.0013908516194316434
2021-08-17 09:30:00-04:00,87799.19311474607,138886.7919916992,0.0003799995745021878
2021-08-18 09:30:00-04:00,87946.39297436521,138886.7919916992,0.0016765513941199295
2021-08-19 09:30:00-04:00,88715.74325512693,138886.7919916992,0.008747945819517211
2021-08-20 09:30:00-04:00,88260.34072827146,138886.7919916992,-0.005133277478675091
2021-08-21 09:30:00-04:00,88260.34072827146,138886.7919916992,0.0
2021-08-23 09:30:00-04:00,87693.39157055662,138886.7919916992,-0.0064236003740379966
2021-08-24 09:30:00-04:00,87370.24185131834,138886.7919916992,-0.003684995111385092
2021-08-25 09:30:00-04:00,87347.24044750974,138886.7919916992,-0.00026326359320072434
2021-08-26 09:30:00-04:00,87296.64367626951,138886.7919916992,-0.0005792601000444986
2021-08-27 09:30:00-04:00,87467.99255322263,138886.7919916992,0.001962834649045009
2021-08-28 09:30:00-04:00,87467.99255322263,138886.7919916992,0.0
2021-08-30 09:30:00-04:00,87025.24185131834,138886.7919916992,-0.005061859646943279
2021-08-31 09:30:00-04:00,86891.84143017576,138886.7919916992,-0.0015328934261451543
2021-09-01 09:30:00-04:00,86842.39227246091,138886.7919916992,-0.0005690886152364127
2021-09-02 09:30:00-04:00,86754.99114941404,138886.7919916992,-0.0010064338482599355
2021-09-03 09:30:00-04:00,86909.09072827146,138886.7919916992,0.0017762618244294703
2021-09-04 09:30:00-04:00,86909.09072827146,138886.7919916992,0.0
2021-09-07 09:30:00-04:00,86825.14297436521,138886.7919916992,-0.0009659260406799097
2021-09-08 09:30:00-04:00,87034.44030712888,138886.7919916992,0.0024105613373475165
2021-09-09 09:30:00-04:00,87056.2905878906,138886.7919916992,0.00025105326908070325
2021-09-10 09:30:00-04:00,87017.19100903318,138886.7919916992,-0.0004491298514258668
2021-09-11 09:30:00-04:00,87017.19100903318,138886.7919916992,0.0
2021-09-13 09:30:00-04:00,87293.19030712888,138886.7919916992,0.003171778988671825
2021-09-14 09:30:00-04:00,87352.99255322263,138886.7919916992,0.0006850734391004032
2021-09-15 09:30:00-04:00,87755.49255322263,138886.7919916992,0.004607741397694598
2021-09-16 09:30:00-04:00,87444.99114941404,138886.7919916992,-0.003538256065513834
2021-09-17 09:30:00-04:00,87720.99044750974,138886.7919916992,0.00315626194785823
2021-09-18 09:30:00-04:00,87720.99044750974,138886.7919916992,0.0
2021-09-20 09:30:00-04:00,88711.37143017576,138722.5719916992,0.011290125403436102
2021-09-21 09:30:00-04:00,88521.62213208005,138722.5719916992,-0.0021389512419505152
2021-09-22 09:30:00-04:00,88576.82339550779,138722.5719916992,0.0006235907352145631
2021-09-23 09:30:00-04:00,88139.8212897949,138722.5719916992,-0.004933594240127737
2021-09-24 09:30:00-04:00,87956.97171093748,138722.5719916992,-0.0020745399319137547
2021-09-25 09:30:00-04:00,87956.97171093748,138722.5719916992,0.0
2021-09-27 09:30:00-04:00,87799.42227246091,138722.5719916992,-0.0017912103544711622
2021-09-28 09:30:00-04:00,88158.22171093748,138722.5719916992,0.004086580858848166
2021-09-29 09:30:00-04:00,88675.72171093748,138722.5719916992,0.005870127481663934
2021-09-30 09:30:00-04:00,88580.27325512693,138722.5719916992,-0.0010763764192603942
2021-10-01 09:30:00-04:00,89159.87072827146,138722.5719916992,0.006543189040241426
2021-10-02 09:30:00-04:00,89159.87072827146,138722.5719916992,0.0
2021-10-04 09:30:00-04:00,88927.5719916992,138722.5719916992,-0.002605418050461661
2021-10-05 09:30:00-04:00,89244.97311474607,138722.5719916992,0.003569209368231796
2021-10-06 09:30:00-04:00,89356.52325512693,138722.5719916992,0.00124993191759315
2021-10-07 09:30:00-04:00,88307.72030712888,138722.5719916992,-0.011737284641251677
2021-10-08 09:30:00-04:00,88182.37072827146,138722.5719916992,-0.0014194634220141555
2021-10-09 09:30:00-04:00,88182.37072827146,53463.44986035154,0.0
2021-10-11 09:30:00-04:00,87999.09014965818,53463.44986035154,-0.0020784265278833702
2021-10-12 09:30:00-04:00,87881.38092114255,53463.44986035154,-0.0013376186994142891
2021-10-13 09:30:00-04:00,87805.53918530271,53463.44986035154,-0.0008630011846070262
2021-10-14 09:30:00-04:00,88150.76879956052,53463.44986035154,0.003931752113374598
2021-10-15 09:30:00-04:00,87980.66839672849,101323.16839672849,-0.0019296530835574144
2021-10-16 09:30:00-04:00,87980.66839672849,101323.16839672849,0.0
2021-10-18 09:30:00-04:00,88004.0683601074,101323.16839672849,0.0002659671016977949
2021-10-19 09:30:00-04:00,87855.56799389646,101323.16839672849,-0.001687426149473925
2021-10-20 09:30:00-04:00,87789.26825024412,101323.16839672849,-0.0007546447557763569
2021-10-21 09:30:00-04:00,87770.06872631834,101323.16839672849,-0.00021870012483815593
2021-10-22 09:30:00-04:00,87729.26825024412,101323.16839672849,-0.00046485637605508945
2021-10-23 09:30:00-04:00,87729.26825024412,101323.16839672849,0.0
2021-10-25 09:30:00-04:00,87694.76843334959,101323.16839672849,-0.00039325321620287124
2021-10-26 09:30:00-04:00,87607.16803051755,101323.16839672849,-0.000998923931233242
2021-10-27 09:30:00-04:00,87629.66803051755,101323.16839672849,0.00025682829962225817
2021-10-28 09:30:00-04:00,87659.36865307615,101323.16839672849,0.00033893341406066035
2021-10-29 09:30:00-04:00,87647.06854321287,101323.16839672849,-0.00014031711672435332
2021-10-30 09:30:00-04:00,87647.06854321287,101323.16839672849,0.0
2021-11-01 09:30:00-04:00,87514.16876293943,101323.16839672849,-0.0015163060497329628
2021-11-02 09:30:00-04:00,87516.5683601074,101323.16839672849,2.7419527624861217e-05
2021-11-03 09:30:00-04:00,87492.14881970212,87492.14881970212,-0.0002790276271436021
2021-11-04 09:30:00-04:00,87492.14881970212,87492.14881970212,0.0
2021-11-05 09:30:00-04:00,87492.14881970212,87492.14881970212,0.0
2021-11-06 09:30:00-04:00,87492.14881970212,87492.14881970212,0.0
2021-11-08 09:30:00-05:00,87492.14881970212,87492.14881970212,0.0
2021-11-09 09:30:00-05:00,87492.14881970212,87492.14881970212,0.0
2021-11-10 09:30:00-05:00,87492.14881970212,87492.14881970212,0.0
2021-11-11 09:30:00-05:00,87492.14881970212,87492.14881970212,0.0
2021-11-12 09:30:00-05:00,87492.14881970212,87492.14881970212,0.0
2021-11-13 09:30:00-05:00,87492.14881970212,87492.14881970212,0.0
2021-11-15 09:30:00-05:00,87492.14881970212,87492.14881970212,0.0
2021-11-16 09:30:00-05:00,87492.14881970212,87492.14881970212,0.0
2021-11-17 09:30:00-05:00,87492.14881970212,87492.14881970212,0.0
2021-11-18 09:30:00-05:00,87492.14881970212,87492.14881970212,0.0
2021-11-19 09:30:00-05:00,87492.14881970212,87492.14881970212,0.0
2021-11-20 09:30:00-05:00,87492.14881970212,87492.14881970212,0.0
2021-11-22 09:30:00-05:00,87492.14881970212,87492.14881970212,0.0
2021-11-23 09:30:00-05:00,87492.14881970212,87492.14881970212,0.0
2021-11-24 09:30:00-05:00,87492.14881970212,87492.14881970212,0.0
2021-11-25 09:30:00-05:00,87492.14881970212,87492.14881970212,0.0
2021-11-26 09:30:00-05:00,87492.14881970212,87492.14881970212,0.0
2021-11-27 09:30:00-05:00,87492.14881970212,87492.14881970212,0.0
2021-11-29 09:30:00-05:00,87492.14881970212,87492.14881970212,0.0
2021-11-30 09:30:00-05:00,87589.4391639404,109303.4391639404,0.0011119894247741957
2021-12-01 09:30:00-05:00,87606.35847546384,109303.4391639404,0.00019316611323172417
2021-12-02 09:30:00-05:00,88119.12864758298,109303.4391639404,0.005853115927227481
2021-12-03 09:30:00-05:00,87722.44853283689,109303.4391639404,-0.004501634558059964
2021-12-04 09:30:00-05:00,87722.44853283689,109303.4391639404,0.0
2021-12-06 09:30:00-05:00,87865.32893444822,109303.4391639404,0.0016287780836150567
2021-12-07 09:30:00-05:00,87476.16899182127,109303.4391639404,-0.004429050085469788
2021-12-08 09:30:00-05:00,87274.53859020994,109303.4391639404,-0.00230497521708084
2021-12-09 09:30:00-05:00,87300.38945080564,109303.4391639404,0.00029620163008914346
2021-12-10 09:30:00-05:00,87363.03044201658,60147.689804809546,0.0007175339263090219
2021-12-11 09:30:00-05:00,87363.03044201658,60147.689804809546,0.0
2021-12-13 09:30:00-05:00,87418.70994641111,60147.689804809546,0.0006373348556343306
2021-12-14 09:30:00-05:00,87006.9095924072,60147.689804809546,-0.004710666106332861
2021-12-15 09:30:00-05:00,87026.05058361814,60147.689804809546,0.00021999392117932892
2021-12-16 09:30:00-05:00,87556.75022961423,60147.689804809546,0.006098169943793641
2021-12-17 09:30:00-05:00,86917.58909680173,60147.689804809546,-0.007299964093417377
2021-12-18 09:30:00-05:00,86917.58909680173,60147.689804809546,0.0
2021-12-20 09:30:00-05:00,86602.24444201658,60242.403804809546,-0.003628087917095124
2021-12-21 09:30:00-05:00,86841.78295520018,60242.403804809546,0.0027659619531450463
2021-12-22 09:30:00-05:00,87084.22430041502,60242.403804809546,0.002791759185090781
2021-12-23 09:30:00-05:00,87429.90380480955,60242.403804809546,0.003969484796718659
2021-12-24 09:30:00-05:00,87429.90380480955,60242.403804809546,0.0
2021-12-27 09:30:00-05:00,87621.88366320799,60242.403804809546,0.0021958145902463144
2021-12-28 09:30:00-05:00,87950.16387561033,60242.403804809546,0.0037465550690984895
2021-12-29 09:30:00-05:00,87907.24444201658,60242.403804809546,-0.0004879971986686549
2021-12-30 09:30:00-05:00,87962.34338000487,60242.403804809546,0.0006267849520027458
2021-12-31 09:30:00-05:00,87829.52465441893,60242.403804809546,-0.0015099498317382443
2022-01-01 09:30:00-05:00,87829.52465441893,60242.403804809546,0.0
2022-01-03 09:30:00-05:00,87867.80309680174,60242.403804809546,0.000435826591723254
2022-01-04 09:30:00-05:00,87774.36266711424,103109.40270617674,-0.0010634205749352477
2022-01-05 09:30:00-05:00,87840.28258898924,103109.40270617674,0.0007510156709995552
2022-01-06 09:30:00-05:00,88136.92223742674,103109.40270617674,0.0033770343138068704
2022-01-07 09:30:00-05:00,88135.00231555174,103109.40270617674,-2.178340048941685e-05
2022-01-08 09:30:00-05:00,88135.00231555174,103109.40270617674,0.0
2022-01-10 09:30:00-05:00,88303.00231555174,103109.40270617674,0.0019061666260415944
2022-01-11 09:30:00-05:00,88222.04235461424,103109.40270617674,-0.0009168426759510462
2022-01-12 09:30:00-05:00,88018.52282336424,103109.40270617674,-0.002306901153250829
2022-01-13 09:30:00-05:00,87999.32262805174,103109.40270617674,-0.00021813812248394626
2022-01-14 09:30:00-05:00,88351.32262805174,103109.40270617674,0.004000030789871101
2022-01-15 09:30:00-05:00,88351.32262805174,128936.04284289549,0.0
2022-01-18 09:30:00-05:00,88478.92370227049,128936.04284289549,0.001444246338630828
2022-01-19 09:30:00-05:00,88620.60241320799,128936.04284289549,0.0016012707321604314
2022-01-20 09:30:00-05:00,89006.04284289549,128936.04284289549,0.00434933208747923
2022-01-21 09:30:00-05:00,89726.76305773924,128936.04284289549,0.008097430149949458
2022-01-22 09:30:00-05:00,89726.76305773924,161016.36266711424,0.0
2022-01-24 09:30:00-05:00,91891.56286242674,161016.36266711424,0.02412657863623635
2022-01-25 09:30:00-05:00,91726.76305773924,161016.36266711424,-0.001793416060778319
2022-01-26 09:30:00-05:00,90501.16247180174,161016.36266711424,-0.013361428497874916
2022-01-27 09:30:00-05:00,90894.76110461424,161016.36266711424,0.004349100299514186
2022-01-28 09:30:00-05:00,91787.56383898924,161016.36266711424,0.009822378358500083
2022-01-29 09:30:00-05:00,91787.56383898924,161016.36266711424,0.0
2022-01-31 09:30:00-05:00,90417.96422961424,161016.36266711424,-0.014921407128502762
2022-02-01 09:30:00-05:00,88907.56383898924,161016.36266711424,-0.016704649385705816
2022-02-02 09:30:00-05:00,88136.36266711424,161016.36266711424,-0.008674190795190828
2022-02-03 09:30:00-05:00,88864.36071398924,161016.36266711424,0.008259905728406292
2022-02-04 09:30:00-05:00,89600.36169055174,161016.36266711424,0.008282296419498625
2022-02-05 09:30:00-05:00,89600.36169055174,161016.36266711424,0.0
2022-02-07 09:30:00-05:00,89094.76110461424,161016.36266711424,-0.005642840903741786
2022-02-08 09:30:00-05:00,89539.56090930174,161016.36266711424,0.0049924350115853056
2022-02-09 09:30:00-05:00,88181.16247180174,161016.36266711424,-0.01517093029835137
2022-02-10 09:30:00-05:00,88801.96325305174,161016.36266711424,0.007040061208634096
2022-02-11 09:30:00-05:00,89110.76208117674,161016.36266711424,0.0034773874001527982
2022-02-12 09:30:00-05:00,89110.76208117674,161016.36266711424,0.0
2022-02-14 09:30:00-05:00,90629.16051867674,161016.36266711424,0.017039450702001524
2022-02-15 09:30:00-05:00,90019.56090930174,161016.36266711424,-0.006726307580101398
2022-02-16 09:30:00-05:00,89987.56383898924,161016.36266711424,-0.0003554457496713903
2022-02-17 09:30:00-05:00,90101.16247180174,161016.36266711424,0.0012623814665742028
2022-02-18 09:30:00-05:00,91043.56481555174,161016.36266711424,0.010459380521810058
2022-02-19 09:30:00-05:00,91043.56481555174,201250.72143176268,0.0
2022-02-22 09:30:00-05:00,92414.43774035643,201250.72143176268,0.015057329176224377
2022-02-23 09:30:00-05:00,92131.08178332518,251349.96313098143,-0.0030661438186461165
2022-02-24 09:30:00-05:00,100094.60717395018,251349.96313098143,0.08643690312194208
2022-02-25 09:30:00-05:00,93253.48852160643,251349.96313098143,-0.0683465258068785
2022-02-26 09:30:00-05:00,93253.48852160643,251349.96313098143,0.0
2022-02-28 09:30:00-05:00,92362.92358020018,251349.96313098143,-0.00954993701066642
2022-03-01 09:30:00-05:00,91255.23998645018,251349.96313098143,-0.011992729883524955
2022-03-02 09:30:00-05:00,92237.80492785643,251349.96313098143,0.010767216672183944
2022-03-03 09:30:00-05:00,89257.00268176268,251349.96313098143,-0.032316491577669026
2022-03-04 09:30:00-05:00,92465.96313098143,251349.96313098143,0.03595191808826459
2022-03-05 09:30:00-05:00,92465.96313098143,314385.4631309814,0.0
2022-03-07 09:30:00-05:00,92568.76940539549,314385.4631309814,0.0011118282980346894
2022-03-08 09:30:00-05:00,98700.78564074705,314385.4631309814,0.06624281898463003
2022-03-09 09:30:00-05:00,95863.49560168455,314385.4631309814,-0.028746377454275995
2022-03-10 09:30:00-05:00,97210.18877795408,314385.4631309814,0.014048029104478665
2022-03-11 09:30:00-05:00,94331.78564074705,314385.4631309814,-0.029610097186230422
2022-03-12 09:30:00-05:00,94331.78564074705,314385.4631309814,0.0
2022-03-14 09:30:00-04:00,98047.99560168455,314385.4631309814,0.03939509822373455
2022-03-15 09:30:00-04:00,98833.13357165526,393091.89587023924,0.00800769016391012
2022-03-16 09:30:00-04:00,91738.99560168455,393091.89587023924,-0.07177894410104246
2022-03-17 09:30:00-04:00,89145.30843737791,393091.89587023924,-0.028272460879864014
2022-03-18 09:30:00-04:00,86053.89587023924,393091.89587023924,-0.03467835404159603
2022-03-19 09:30:00-04:00,85318.14149401855,408562.14149401855,-0.008549925239063394
2022-03-21 09:30:00-04:00,79631.11619665526,407554.03349401854,-0.06665669455261158
2022-03-22 09:30:00-04:00,78509.36430456542,407554.03349401854,-0.01408685380372654
2022-03-23 09:30:00-04:00,77734.45079138182,407554.03349401854,-0.009870332285170869
2022-03-24 09:30:00-04:00,78450.31169226073,407554.03349401854,0.009209055876654881
2022-03-25 09:30:00-04:00,73407.79051306151,509228.35405065917,-0.06427662389640543
2022-03-26 09:30:00-04:00,73407.79051306151,509228.35405065917,0.0
2022-03-28 09:30:00-04:00,72186.63698522944,390436.87526647944,-0.016635203420470535
2022-03-29 09:30:00-04:00,66582.80300085444,390436.87526647944,-0.07762979712604756
2022-03-30 09:30:00-04:00,66458.64015905757,245070.55873815913,-0.0018647884468798726
2022-03-31 09:30:00-04:00,67409.23305456538,245070.55873815913,0.014303526121400179
2022-04-01 09:30:00-04:00,69186.27968542476,245070.55873815913,0.026362065704277127
2022-04-02 09:30:00-04:00,69186.27968542476,245070.55873815913,0.0
2022-04-04 09:30:00-04:00,69256.11684362788,245070.55873815913,0.0010094076241800032
2022-04-05 09:30:00-04:00,68445.19826452632,245070.55873815913,-0.011708981329873303
2022-04-06 09:30:00-04:00,71677.23305456538,245070.55873815913,0.04722076744591974
2022-04-07 09:30:00-04:00,72181.64015905757,245070.55873815913,0.007037201116681047
2022-04-08 09:30:00-04:00,71258.19826452632,245070.55873815913,-0.012793307169196688
2022-04-09 09:30:00-04:00,71258.19826452632,245070.55873815913,0.0
2022-04-11 09:30:00-04:00,72755.88442175288,245070.55873815913,0.02101773822103703
2022-04-12 09:30:00-04:00,73155.52394812007,245070.55873815913,0.005492882528244092
2022-04-13 09:30:00-04:00,75114.91921179194,245070.55873815913,0.02678396870018207
2022-04-14 09:30:00-04:00,72973.16347448726,245070.55873815913,-0.028513053861721538
2022-04-15 09:30:00-04:00,72973.16347448726,245070.55873815913,0.0
2022-04-18 09:30:00-04:00,75588.27968542476,245070.55873815913,0.035836684151041354
2022-04-19 09:30:00-04:00,75180.88442175288,245070.55873815913,-0.00538966180163547
2022-04-20 09:30:00-04:00,70397.18959753413,306370.9566873779,-0.06362913739326315
2022-04-21 09:30:00-04:00,69541.83217565913,306370.9566873779,-0.012150448430756078
2022-04-22 09:30:00-04:00,77671.20558874507,383071.2981485595,0.11689903988367112
2022-04-23 09:30:00-04:00,77671.20558874507,478754.5889505615,0.0
2022-04-25 09:30:00-04:00,89825.51662390132,478754.5889505615,0.156484130032835
2022-04-26 09:30:00-04:00,87842.66127722163,478754.5889505615,-0.022074522042348943
2022-04-27 09:30:00-04:00,98142.06688635249,598412.8151773681,0.11724833309213034
2022-04-28 09:30:00-04:00,90274.13835852046,748201.9716715087,-0.08016876735378942
2022-04-29 09:30:00-04:00,87672.86278478999,935276.4454569091,-0.028815291079263394
2022-04-30 09:30:00-04:00,87672.86278478999,-146148.81519372563,0.0
2022-05-02 09:30:00-04:00,81313.82884924312,-146148.81519372563,-0.07253138238631895
2022-05-03 09:30:00-04:00,82936.71019689937,-146148.81519372563,0.01995824536396018
2022-05-04 09:30:00-04:00,84079.33739416499,-146148.81519372563,0.013777098157774947
2022-05-05 09:30:00-04:00,88202.77806799312,-146148.81519372563,0.04904225939004947
2022-05-06 09:30:00-04:00,80778.38817541499,-146148.81519372563,-0.08417410488879229
2022-05-07 09:30:00-04:00,80778.38817541499,-146148.81519372563,0.0
2022-05-09 09:30:00-04:00,75981.77888586419,75981.77888586419,-0.05937985886936348
2022-05-10 09:30:00-04:00,75981.77888586419,75981.77888586419,0.0
2022-05-11 09:30:00-04:00,75981.77888586419,75981.77888586419,0.0
2022-05-12 09:30:00-04:00,75981.77888586419,75981.77888586419,0.0
2022-05-13 09:30:00-04:00,75981.77888586419,75981.77888586419,0.0
2022-05-14 09:30:00-04:00,75981.77888586419,75981.77888586419,0.0
2022-05-16 09:30:00-04:00,75981.77888586419,75981.77888586419,0.0
2022-05-17 09:30:00-04:00,75981.77888586419,75981.77888586419,0.0
2022-05-18 09:30:00-04:00,75981.77888586419,75981.77888586419,0.0
2022-05-19 09:30:00-04:00,75981.77888586419,75981.77888586419,0.0
2022-05-20 09:30:00-04:00,75981.77888586419,75981.77888586419,0.0
2022-05-21 09:30:00-04:00,75981.77888586419,57105.77888586419,0.0
2022-05-23 09:30:00-04:00,75961.61824133294,57105.77888586419,-0.0002653352530944675
2022-05-24 09:30:00-04:00,75948.65876867669,57105.77888586419,-0.00017060553679992818
2022-05-25 09:30:00-04:00,75936.65876867669,57105.77888586419,-0.00015800147355526928
2022-05-26 09:30:00-04:00,76241.93953039544,57105.77888586419,0.00402020271459036
2022-05-27 09:30:00-04:00,76685.45906164544,57105.77888586419,0.005817264539462297
2022-05-28 09:30:00-04:00,76685.45906164544,57105.77888586419,0.0
2022-05-31 09:30:00-04:00,76956.17829992669,57105.77888586419,0.003530255169544194
2022-06-01 09:30:00-04:00,77033.93953039544,57105.77888586419,0.0010104611765631155
2022-06-02 09:30:00-04:00,76757.93953039544,57105.77888586419,-0.0035828363664446305
2022-06-03 09:30:00-04:00,76900.97859289544,57105.77888586419,0.0018635083663671725
2022-06-04 09:30:00-04:00,76900.97859289544,57105.77888586419,0.0
2022-06-06 09:30:00-04:00,77015.21882727044,57105.77888586419,0.0014855498130885714
2022-06-07 09:30:00-04:00,76694.57917883294,57105.77888586419,-0.004163328408591904
2022-06-08 09:30:00-04:00,76974.41853430169,57105.77888586419,0.003648750126345135
2022-06-09 09:30:00-04:00,76754.09871008294,57105.77888586419,-0.0028622473337758247
2022-06-10 09:30:00-04:00,76060.01912023919,57105.77888586419,-0.009042899356625167
2022-06-11 09:30:00-04:00,76060.01912023919,90275.69929602044,0.0
2022-06-13 09:30:00-04:00,76601.09907629387,90275.69929602044,0.007113855114857737
2022-06-14 09:30:00-04:00,76709.09907629387,90275.69929602044,0.001409901441393524
2022-06-15 09:30:00-04:00,76690.73982336419,90275.69929602044,-0.00023933605205594954
2022-06-16 09:30:00-04:00,77348.33747961419,112917.29841711419,0.008574668307602673
2022-06-17 09:30:00-04:00,77828.33747961419,112917.29841711419,0.00620569252864045
2022-06-18 09:30:00-04:00,77828.33747961419,141061.5691690673,0.0
2022-06-21 09:30:00-04:00,76451.77563488763,140788.74816906732,-0.017687154695898877
2022-06-22 09:30:00-04:00,76671.48901379388,140788.74816906732,0.002873881961297231
2022-06-23 09:30:00-04:00,75630.02563488763,140788.74816906732,-0.01358345054077248
2022-06-24 09:30:00-04:00,74806.54922497552,140788.74816906732,-0.010888220690120298
2022-06-25 09:30:00-04:00,74622.86446545404,111237.26387951654,-0.0024554636114688666
2022-06-27 09:30:00-04:00,73696.46505139154,111237.26387951654,-0.012414417761882679
2022-06-28 09:30:00-04:00,73775.18282482904,111237.26387951654,0.0010681349964696274
2022-06-29 09:30:00-04:00,75278.18282482904,138943.59465954584,0.02037270451187778
2022-06-30 09:30:00-04:00,76111.51629040521,138943.59465954584,0.011070052893217719
2022-07-01 09:30:00-04:00,76058.07506726068,138943.59465954584,-0.00070214371949473
2022-07-02 09:30:00-04:00,76058.07506726068,173587.11443493646,0.0
2022-07-05 09:30:00-04:00,76234.19317028802,173587.11443493646,0.002315574025132827
2022-07-06 09:30:00-04:00,74620.62822888177,173587.11443493646,-0.021165895175173532
2022-07-07 09:30:00-04:00,73841.0356995849,173587.11443493646,-0.010447413105470704
2022-07-08 09:30:00-04:00,73041.23797009271,217105.67388317865,-0.010831344954939204
2022-07-09 09:30:00-04:00,73041.23797009271,18823.43950817865,0.0
2022-07-11 09:30:00-04:00,72842.44036267084,18823.43950817865,-0.0027217173879675594
2022-07-12 09:30:00-04:00,72534.43865368646,18823.43950817865,-0.004228327709105861
2022-07-13 09:30:00-04:00,71337.44036267084,18823.43950817865,-0.01650248231368634
2022-07-14 09:30:00-04:00,71128.8374573974,18823.43950817865,-0.002924171433863143
2022-07-15 09:30:00-04:00,71012.61742565912,75985.76726696771,-0.001633936893849719
2022-07-16 09:30:00-04:00,71012.61742565912,95113.26665661615,0.0
2022-07-18 09:30:00-04:00,70645.32634899896,95113.26665661615,-0.0051721946039330335
2022-07-19 09:30:00-04:00,70790.22750256342,95113.26665661615,0.002051107427101684
2022-07-20 09:30:00-04:00,70389.99029553216,90013.49035656732,-0.005653848294480568
2022-07-21 09:30:00-04:00,70305.49017346185,90013.49035656732,-0.0012004565097329944
2022-07-22 09:30:00-04:00,70067.4896851806,90013.49035656732,-0.0033852333252216704
2022-07-23 09:30:00-04:00,70067.4896851806,90013.49035656732,0.0
2022-07-25 09:30:00-04:00,70225.99035656732,90013.49035656732,0.0022621143143399802
2022-07-26 09:30:00-04:00,70321.49053967278,90013.49035656732,0.0013598979896272123
2022-07-27 09:30:00-04:00,70295.49108898919,90013.49035656732,-0.00036972269051838147
2022-07-28 09:30:00-04:00,69929.61599743646,69929.61599743646,-0.00520481592609634
2022-07-29 09:30:00-04:00,69929.61599743646,69929.61599743646,0.0
2022-07-30 09:30:00-04:00,69929.61599743646,69929.61599743646,0.0
2022-08-01 09:30:00-04:00,69929.61599743646,69929.61599743646,0.0
2022-08-02 09:30:00-04:00,69929.61599743646,69929.61599743646,0.0
2022-08-03 09:30:00-04:00,69929.61599743646,69929.61599743646,0.0
2022-08-04 09:30:00-04:00,69929.61599743646,69929.61599743646,0.0
2022-08-05 09:30:00-04:00,69929.61599743646,69929.61599743646,0.0
2022-08-06 09:30:00-04:00,69929.61599743646,69929.61599743646,0.0
2022-08-08 09:30:00-04:00,69929.61599743646,69929.61599743646,0.0
2022-08-09 09:30:00-04:00,69929.61599743646,69929.61599743646,0.0
2022-08-10 09:30:00-04:00,69929.61599743646,69929.61599743646,0.0
2022-08-11 09:30:00-04:00,69929.61599743646,69929.61599743646,0.0
2022-08-12 09:30:00-04:00,69890.25634777825,52587.02639782708,-0.0005628466436831125
2022-08-13 09:30:00-04:00,69890.25634777825,52587.02639782708,0.0
2022-08-15 09:30:00-04:00,70002.59594738763,52587.02639782708,0.001607371405970559
2022-08-16 09:30:00-04:00,70123.95684826653,52587.02639782708,0.0017336628625903572
2022-08-17 09:30:00-04:00,70049.33654797357,52587.02639782708,-0.0010641199334263662
2022-08-18 09:30:00-04:00,70088.28579724114,52587.02639782708,0.000556025955233741
2022-08-19 09:30:00-04:00,69952.92764294427,39354.366851928644,-0.0019312521737006039
2022-08-20 09:30:00-04:00,69952.92764294427,39354.366851928644,0.0
2022-08-22 09:30:00-04:00,69381.9659730224,39354.366851928644,-0.008162083977902856
2022-08-23 09:30:00-04:00,69083.16641247552,39354.366851928644,-0.004306588266222655
2022-08-24 09:30:00-04:00,69026.28579724114,39354.366851928644,-0.0008233643329947915
2022-08-25 09:30:00-04:00,69251.64614880364,39354.366851928644,0.0032648482959733993
2022-08-26 09:30:00-04:00,69550.44790661614,39354.366851928644,0.00431472426186752
2022-08-27 09:30:00-04:00,69120.3840211181,51925.39342053216,-0.006183481177223893
2022-08-29 09:30:00-04:00,68400.85354016106,68400.85354016106,-0.010409816020946927
2022-08-30 09:30:00-04:00,68400.85354016106,68400.85354016106,0.0
2022-08-31 09:30:00-04:00,68400.85354016106,68400.85354016106,0.0
2022-09-01 09:30:00-04:00,68703.57259533684,85597.84322521965,0.004425661954613469
2022-09-02 09:30:00-04:00,68385.80327770989,85597.84322521965,-0.00462522261394771
2022-09-03 09:30:00-04:00,68385.80327770989,85597.84322521965,0.0
2022-09-06 09:30:00-04:00,68693.25301525871,85597.84322521965,0.004495812329648352
2022-09-07 09:30:00-04:00,68809.35354016106,85597.84322521965,0.0016901299590013075
2022-09-08 09:30:00-04:00,68323.27138684074,107071.49282238762,-0.007064187182584281
2022-09-09 09:30:00-04:00,68823.0697266845,41436.750390746995,0.007315199194926292
2022-09-10 09:30:00-04:00,68823.0697266845,41436.750390746995,0.0
2022-09-12 09:30:00-04:00,69233.79030773918,41436.750390746995,0.005967774798272929
2022-09-13 09:30:00-04:00,68587.43917248528,31217.250421264573,-0.009335775672268176
2022-09-14 09:30:00-04:00,67902.96053478996,31217.250421264573,-0.009979650005214058
2022-09-15 09:30:00-04:00,67762.52962658684,31217.250421264573,-0.0020681117155587625
2022-09-16 09:30:00-04:00,66942.27178356926,31217.250421264573,-0.012104888166626915
2022-09-17 09:30:00-04:00,66942.27178356926,74625.07207653801,0.0
2022-09-19 09:30:00-04:00,66947.95188122551,74593.15207653801,8.485068559682674e-05
2022-09-20 09:30:00-04:00,66754.75272351067,93323.89255505364,-0.0028858113248573236
2022-09-21 09:30:00-04:00,66682.30356579582,93323.89255505364,-0.0010853033643150045
2022-09-22 09:30:00-04:00,67339.87348156731,93323.89255505364,0.009861235749341724
2022-09-23 09:30:00-04:00,67753.87348156731,93323.89255505364,0.0061479176986176665
2022-09-24 09:30:00-04:00,67753.87348156731,93323.89255505364,0.0
2022-09-26 09:30:00-04:00,68041.60230236809,93323.89255505364,0.004246677068272087
2022-09-27 09:30:00-04:00,67930.51331311028,93323.89255505364,-0.0016326627460085952
2022-09-28 09:30:00-04:00,68410.99121838372,116509.15186291497,0.007073079266437743
2022-09-29 09:30:00-04:00,67895.83277111809,145659.55225353997,-0.00753034619277948
2022-09-30 09:30:00-04:00,68957.95484143059,145659.55225353997,0.015643405890505724
2022-10-01 09:30:00-04:00,68957.95484143059,145659.55225353997,0.0
2022-10-03 09:30:00-04:00,69110.59510021965,145659.55225353997,0.002213526476242844
2022-10-04 09:30:00-04:00,66710.75354748528,145659.55225353997,-0.0347246547255784
2022-10-05 09:30:00-04:00,66500.86914807122,145659.55225353997,-0.0031461854086937135
2022-10-06 09:30:00-04:00,66028.11328869622,145659.55225353997,-0.0071090177531718535
2022-10-07 09:30:00-04:00,67437.9119947509,145659.55225353997,0.02135149159708072
2022-10-08 09:30:00-04:00,67437.9119947509,145659.55225353997,0.0
2022-10-10 09:30:00-04:00,68500.0340650634,145659.55225353997,0.015749628642048874
2022-10-11 09:30:00-04:00,69712.67432385247,145659.55225353997,0.017702768696979954
2022-10-12 09:30:00-04:00,69727.50940686028,145659.55225353997,0.00021280324061145883
2022-10-13 09:30:00-04:00,71627.0340650634,145659.55225353997,0.027242112537239738
2022-10-14 09:30:00-04:00,65515.595222289965,181977.3913648681,-0.08532307560329844
2022-10-15 09:30:00-04:00,65515.595222289965,143648.19263439934,0.0
2022-10-17 09:30:00-04:00,66478.07056408684,143648.19263439934,0.014690782225686316
2022-10-18 09:30:00-04:00,64120.63159924309,143648.19263439934,-0.035461904126280364
2022-10-19 09:30:00-04:00,65422.31470471184,143648.19263439934,0.020300534679763116
2022-10-20 09:30:00-04:00,65625.8328931884,143648.19263439934,0.0031108374779331704
2022-10-21 09:30:00-04:00,66527.93402844231,179715.13251477043,0.01374612855157431
2022-10-22 09:30:00-04:00,66527.93402844231,179715.13251477043,0.0
2022-10-24 09:30:00-04:00,63189.22797375481,179715.13251477043,-0.0501850253347732
2022-10-25 09:30:00-04:00,62290.22986584465,179715.13251477043,-0.014227078518565639
2022-10-26 09:30:00-04:00,61334.61322766106,149107.21210461418,-0.015341356746342405
2022-10-27 09:30:00-04:00,60460.572451599044,86892.40295697014,-0.014250367452677382
2022-10-28 09:30:00-04:00,60681.3732938842,86892.40295697014,0.0036519806765296092
2022-10-29 09:30:00-04:00,60681.3732938842,86892.40295697014,0.0
2022-10-31 09:30:00-04:00,60228.04278851311,86892.40295697014,-0.007470669840901278
2022-11-01 09:30:00-04:00,59972.74194622795,86892.40295697014,-0.004238903183050979
2022-11-02 09:30:00-04:00,60403.303378112716,86892.40295697014,0.007179285420546799
2022-11-03 09:30:00-04:00,61260.97287274162,86892.40295697014,0.014199049499992844
2022-11-04 09:30:00-04:00,60558.66302777092,108437.66302777092,-0.011464229378622903
2022-11-05 09:30:00-04:00,60558.66302777092,108437.66302777092,0.0
2022-11-07 09:30:00-05:00,60468.494112976,108437.66302777092,-0.0014889515436226075
2022-11-08 09:30:00-05:00,60036.69488812248,108437.66302777092,-0.007140895952308046
2022-11-09 09:30:00-05:00,60186.5539579467,108437.66302777092,0.0024961245802002097
2022-11-10 09:30:00-05:00,59155.31457806389,108437.66302777092,-0.017134049252983563
2022-11-11 09:30:00-05:00,58519.43020611565,85815.1399534301,-0.010749403945931157
2022-11-12 09:30:00-05:00,58519.43020611565,85815.1399534301,0.0
2022-11-14 09:30:00-05:00,58445.599700744555,85815.1399534301,-0.0012616408791242817
2022-11-15 09:30:00-05:00,58135.79037457268,85815.1399534301,-0.005300815249705271
2022-11-16 09:30:00-05:00,58443.8722166137,87408.81212750237,0.005299348990631003
2022-11-17 09:30:00-05:00,58905.23275128167,87408.81212750237,0.007894078834441487
2022-11-18 09:30:00-05:00,58373.792840393,87408.81212750237,-0.009021947390185137
2022-11-19 09:30:00-05:00,58373.792840393,87408.81212750237,0.0
2022-11-21 09:30:00-05:00,58600.091058166436,87408.81212750237,0.0038767091662552655
2022-11-22 09:30:00-05:00,58454.82177105706,87408.81212750237,-0.002478994221445485
2022-11-23 09:30:00-05:00,58241.663018615654,87408.81212750237,-0.0036465555104463476
2022-11-24 09:30:00-05:00,58241.663018615654,87408.81212750237,0.0
2022-11-25 09:30:00-05:00,58075.22310772698,87408.81212750237,-0.0028577465385126732
2022-11-26 09:30:00-05:00,58075.22310772698,87408.81212750237,0.0
2022-11-28 09:30:00-05:00,58275.24239483636,87408.81212750237,0.0034441415186361457
2022-11-29 09:30:00-05:00,58664.36348858636,109358.76192608636,0.00667729687186136
2022-11-30 09:30:00-05:00,58736.04317608636,109358.76192608636,0.0012218608238023787
2022-12-01 09:30:00-05:00,57144.66280499261,101291.82161846917,-0.0270937619397158
2022-12-02 09:30:00-05:00,57848.82161846917,101291.82161846917,0.01232238985956613
2022-12-03 09:30:00-05:00,57848.82161846917,101291.82161846917,0.0
2022-12-05 09:30:00-05:00,57665.220300109795,101291.82161846917,-0.003173812589827407
2022-12-06 09:30:00-05:00,58154.46016827386,101291.82161846917,0.00848414114466034
2022-12-07 09:30:00-05:00,58854.301354797295,101291.82161846917,0.012034179055198768
2022-12-08 09:30:00-05:00,58475.89925518792,126439.98177471917,-0.006429472288324578
2022-12-09 09:30:00-05:00,58510.301354797295,126439.98177471917,0.0005883124508996307
2022-12-10 09:30:00-05:00,58510.301354797295,126439.98177471917,0.0
2022-12-12 09:30:00-05:00,58653.06429425042,126439.98177471917,0.002439962470667023
2022-12-13 09:30:00-05:00,55882.14156475823,126439.98177471917,-0.047242591036523396
2022-12-14 09:30:00-05:00,57363.06429425042,126439.98177471917,0.026500822767789645
2022-12-15 09:30:00-05:00,58620.383874328545,126439.98177471917,0.02191862648111953
2022-12-16 09:30:00-05:00,60189.023034484795,126439.98177471917,0.026759278197821645
2022-12-17 09:30:00-05:00,60189.023034484795,126439.98177471917,0.0
2022-12-19 09:30:00-05:00,60176.80956475824,126133.64977471918,-0.00020291855741805254
2022-12-20 09:30:00-05:00,60906.08788507074,126133.64977471918,0.012118926303789745
2022-12-21 09:30:00-05:00,60214.649774719175,126133.64977471918,-0.01135252869395098
2022-12-22 09:30:00-05:00,60249.05187432855,126133.64977471918,0.0005713244158702668
2022-12-23 09:30:00-05:00,60833.85082452386,126133.64977471918,0.009706359386619567
2022-12-24 09:30:00-05:00,60833.85082452386,126133.64977471918,0.0
2022-12-27 09:30:00-05:00,60293.76830499261,126133.64977471918,-0.008877993291746877
2022-12-28 09:30:00-05:00,60544.89208428949,126133.64977471918,0.004165003886082985
2022-12-29 09:30:00-05:00,60837.288934875425,126133.64977471918,0.004829422276925843
2022-12-30 09:30:00-05:00,60663.567255187925,126133.64977471918,-0.0028555131684692148
2022-12-31 09:30:00-05:00,60663.567255187925,126133.64977471918,0.0
2023-01-03 09:30:00-05:00,60022.010614562925,126133.64977471918,-0.0105756497623396
2023-01-04 09:30:00-05:00,60324.27123468011,157651.98937432855,0.005035829640199552
2023-01-05 09:30:00-05:00,60695.10906426996,157651.98937432855,0.006147406707114111
2023-01-06 09:30:00-05:00,60469.053095031675,157651.98937432855,-0.003724451157982256
2023-01-07 09:30:00-05:00,60469.053095031675,157651.98937432855,0.0
2023-01-09 09:30:00-05:00,58498.010614562925,157651.98937432855,-0.03259588797216828
2023-01-10 09:30:00-05:00,59290.48937432855,157651.98937432855,0.013547106156945876
2023-01-11 09:30:00-05:00,58025.56658380121,157651.98937432855,-0.02133432872414487
2023-01-12 09:30:00-05:00,56897.80596368402,157651.98937432855,-0.019435581356856968
2023-01-13 09:30:00-05:00,57672.510614562925,157651.98937432855,0.013615720988844116
2023-01-14 09:30:00-05:00,57672.510614562925,157651.98937432855,0.0
2023-01-17 09:30:00-05:00,56438.06658380121,157651.98937432855,-0.021404374763771883
2023-01-18 09:30:00-05:00,56303.4468938598,157651.98937432855,-0.002385264026391054
2023-01-19 09:30:00-05:00,58754.553095031675,157651.98937432855,0.043533856919853786
2023-01-20 09:30:00-05:00,58491.845728088316,196977.34789483636,-0.004471268235475279
2023-01-21 09:30:00-05:00,58491.845728088316,196977.34789483636,0.0
2023-01-23 09:30:00-05:00,56141.74746148675,196977.34789483636,-0.040178220354448846
2023-01-24 09:30:00-05:00,55374.946161437925,196977.34789483636,-0.013658308384056905
2023-01-25 09:30:00-05:00,56415.09356134027,196977.34789483636,0.0187837184865145
2023-01-26 09:30:00-05:00,53866.196161437925,196977.34789483636,-0.045181125103176845
2023-01-27 09:30:00-05:00,53683.91031549065,163883.0913152465,-0.0033840489757428482
2023-01-28 09:30:00-05:00,53683.91031549065,163883.0913152465,0.0
2023-01-30 09:30:00-05:00,53918.69464776604,163883.0913152465,0.004373458097512106
2023-01-31 09:30:00-05:00,54374.599982238695,163883.0913152465,0.008455422325242434
2023-02-01 09:30:00-05:00,53260.76364801018,163883.0913152465,-0.020484497073860686
2023-02-02 09:30:00-05:00,51381.01828668204,96185.89670465079,-0.035293248398596044
2023-02-03 09:30:00-05:00,51734.1771001586,96185.89670465079,0.006873332317123504
2023-02-04 09:30:00-05:00,51734.1771001586,96185.89670465079,0.0
2023-02-06 09:30:00-05:00,51928.57578179923,96185.89670465079,0.003757645188098069
2023-02-07 09:30:00-05:00,52027.93723199454,96185.89670465079,0.0019134252903993954
2023-02-08 09:30:00-05:00,51567.85617730704,96185.89670465079,-0.008842961669535021
2023-02-09 09:30:00-05:00,51429.61630914298,96185.89670465079,-0.0026807371570528593
2023-02-10 09:30:00-05:00,52353.01828668204,96185.89670465079,0.01795467366484904
2023-02-11 09:30:00-05:00,52353.01828668204,96185.89670465079,0.0
2023-02-13 09:30:00-05:00,52044.13657281485,96185.89670465079,-0.005899979102938602
2023-02-14 09:30:00-05:00,51623.29840753165,120300.37677667227,-0.008086178251692333
2023-02-15 09:30:00-05:00,51771.925757385165,120300.37677667227,0.0028790750385649932
2023-02-16 09:30:00-05:00,52032.44534967032,120300.37677667227,0.005032063004687393
2023-02-17 09:30:00-05:00,52488.35718438712,120300.37677667227,0.008762068199043238
2023-02-18 09:30:00-05:00,52488.35718438712,22439.91736505118,0.0
2023-02-21 09:30:00-05:00,52266.35718438712,22439.91736505118,-0.004229509398058218
2023-02-22 09:30:00-05:00,52004.3965520629,22439.91736505118,-0.005012031571285269
2023-02-23 09:30:00-05:00,52155.35718438712,22439.91736505118,0.002902843650403497
2023-02-24 09:30:00-05:00,52241.31696221915,57777.19715020743,0.0016481485790258432
2023-02-25 09:30:00-05:00,52241.31696221915,57777.19715020743,0.0
2023-02-27 09:30:00-05:00,52179.017218566805,57777.19715020743,-0.0011925377703896345
2023-02-28 09:30:00-05:00,52311.016425109774,72172.51697442618,0.0025297373078156937
2023-03-01 09:30:00-05:00,52483.917120910555,90047.86746881095,0.0033052444325625263
2023-03-02 09:30:00-05:00,52898.87879083243,112586.23767755118,0.00790645387549671
2023-03-03 09:30:00-05:00,51830.318976379305,112586.23767755118,-0.02020004655823271
2023-03-04 09:30:00-05:00,51830.318976379305,112586.23767755118,0.0
2023-03-06 09:30:00-05:00,51018.63953301993,112586.23767755118,-0.015660321205611005
2023-03-07 09:30:00-05:00,51114.395636535555,112586.23767755118,0.001876884691400793
2023-03-08 09:30:00-05:00,52030.95545098868,112586.23767755118,0.017931539697164878
2023-03-09 09:30:00-05:00,51729.9108953246,140871.92871759023,-0.005785874063905072
2023-03-10 09:30:00-05:00,50959.9108953246,16552.791754699603,-0.01488500534165027
2023-03-11 09:30:00-05:00,50959.9108953246,16552.791754699603,0.0
2023-03-13 09:30:00-04:00,50152.07153985585,16552.791754699603,-0.01585244835157018
2023-03-14 09:30:00-04:00,50916.7917546996,16552.791754699603,0.01524802847348039
2023-03-15 09:30:00-04:00,50511.1130437621,16552.791754699603,-0.007967483750585203
2023-03-16 09:30:00-04:00,50592.95239923085,16552.791754699603,0.0016202247493111166
2023-03-17 09:30:00-04:00,51156.15186212148,16552.791754699603,0.01113197463643556
2023-03-18 09:30:00-04:00,51156.15186212148,16552.791754699603,0.0
2023-03-20 09:30:00-04:00,51075.71868048085,16685.3197546996,-0.001572307116794347
2023-03-21 09:30:00-04:00,51713.27892218007,12386.519888976945,0.01248264847113889
2023-03-22 09:30:00-04:00,51860.79097662343,12386.519888976945,0.0028524985751792187
2023-03-23 09:30:00-04:00,51500.42952642812,12386.519888976945,-0.006948630042255766
2023-03-24 09:30:00-04:00,51178.67952642812,12386.519888976945,-0.006247520709218302
2023-03-25 09:30:00-04:00,51178.67952642812,12386.519888976945,0.0
2023-03-27 09:30:00-04:00,51800.39940557851,12386.519888976945,0.012148025015560338
2023-03-28 09:30:00-04:00,51567.74880133046,12386.519888976945,-0.0044912897760975845
2023-03-29 09:30:00-04:00,51534.468772033586,54733.908713439836,-0.0006453651763059787
2023-03-30 09:30:00-04:00,51501.18874273671,54733.908713439836,-0.0006457819414825705
2023-03-31 09:30:00-04:00,51496.62868414296,54733.908713439836,-8.854278328462861e-05
2023-04-01 09:30:00-04:00,51496.62868414296,54733.908713439836,0.0
2023-04-03 09:30:00-04:00,51463.10866461171,54733.908713439836,-0.0006509167762582813
2023-04-04 09:30:00-04:00,51349.53911505116,68225.95891485584,-0.00220681479427709
2023-04-05 09:30:00-04:00,51501.64876470936,68225.95891485584,0.0029622398229787184
2023-04-06 09:30:00-04:00,51548.3893652953,68225.95891485584,0.0009075554221473769
2023-04-07 09:30:00-04:00,51548.3893652953,68225.95891485584,0.0
2023-04-10 09:30:00-04:00,51554.94951544178,68225.95891485584,0.00012726198097090524
2023-04-11 09:30:00-04:00,51251.997489074594,85303.57829962147,-0.005876293725715853
2023-04-12 09:30:00-04:00,51118.36870489491,85303.57829962147,-0.0026072892906890965
2023-04-13 09:30:00-04:00,51341.638907531626,85303.57829962147,0.004367709852512114
2023-04-14 09:30:00-04:00,51040.34850225819,85303.57829962147,-0.0058683441293347904
2023-04-15 09:30:00-04:00,51040.34850225819,85303.57829962147,0.0
2023-04-17 09:30:00-04:00,51076.86870489491,85303.57829962147,0.000715516325973109
2023-04-18 09:30:00-04:00,50810.43941412342,85303.57829962147,-0.005216241667256982
2023-04-19 09:30:00-04:00,51062.43831549061,81978.93840704334,0.0049595890976912305
2023-04-20 09:30:00-04:00,51138.189047912485,81978.93840704334,0.0014834922679141105
2023-04-21 09:30:00-04:00,51064.688223937876,81978.93840704334,-0.001437298139473464
2023-04-22 09:30:00-04:00,51064.688223937876,81978.93840704334,0.0
2023-04-24 09:30:00-04:00,51079.68913946522,81978.93840704334,0.0002937629906121231
2023-04-25 09:30:00-04:00,51185.43941412342,81978.93840704334,0.0020702998870933964
2023-04-26 09:30:00-04:00,51474.93831549061,81978.93840704334,0.005655883874024381
2023-04-27 09:30:00-04:00,51439.9384680785,102314.9384680785,-0.0006799395697687505
2023-04-28 09:30:00-04:00,50878.689688781626,102314.9384680785,-0.010910759149627691
2023-04-29 09:30:00-04:00,50878.689688781626,102314.9384680785,0.0
2023-05-01 09:30:00-04:00,50381.18831549061,102314.9384680785,-0.009778187613206368
2023-05-02 09:30:00-04:00,50468.689841369516,102314.9384680785,0.001736789639239289
2023-05-03 09:30:00-04:00,50894.94029913319,102314.9384680785,0.008445839571097347
2023-05-04 09:30:00-04:00,51723.34892950428,127819.25755987538,0.01627683666592694
2023-05-05 09:30:00-04:00,51353.08687506092,127819.25755987538,-0.007158508915345085
2023-05-06 09:30:00-04:00,51353.08687506092,159714.2378455199,0.0
2023-05-08 09:30:00-04:00,50277.18752203358,159714.2378455199,-0.020951016160818958
2023-05-09 09:30:00-04:00,50764.786551574594,159714.2378455199,0.009698216101036383
2023-05-10 09:30:00-04:00,49769.286551574594,199593.84831915272,-0.01961004995044391
2023-05-11 09:30:00-04:00,50467.94390020741,199593.84831915272,0.014037921719227686
2023-05-12 09:30:00-04:00,49935.803458312876,199593.84831915272,-0.010544127633706601
2023-05-13 09:30:00-04:00,49935.803458312876,199593.84831915272,0.0
2023-05-15 09:30:00-04:00,50370.20787725819,199593.84831915272,0.008699257624000367
2023-05-16 09:30:00-04:00,50500.533621887094,199593.84831915272,0.0025873576886259464
2023-05-17 09:30:00-04:00,50323.14610968006,199593.84831915272,-0.0035125868874017474
2023-05-18 09:30:00-04:00,49400.050528625376,199593.84831915272,-0.01834335991320546
2023-05-19 09:30:00-04:00,47492.303458312876,199593.84831915272,-0.03861832224659434
2023-05-20 09:30:00-04:00,47492.303458312876,199593.84831915272,0.0
2023-05-22 09:30:00-04:00,48046.163016418344,199593.84831915272,0.011662090860503849
2023-05-23 09:30:00-04:00,48610.89317999256,199593.84831915272,0.01175390766128892
2023-05-24 09:30:00-04:00,50297.803458312876,199593.84831915272,0.03470230987268952
2023-05-25 09:30:00-04:00,49457.97185430897,199593.84831915272,-0.01669718250618968
2023-05-26 09:30:00-04:00,49244.39317999256,199593.84831915272,-0.004318387234833576
2023-05-27 09:30:00-04:00,49244.39317999256,199593.84831915272,0.0
2023-05-30 09:30:00-04:00,46818.98876104725,199593.84831915272,-0.04925239732532083
2023-05-31 09:30:00-04:00,48176.48876104725,199593.84831915272,0.028994645888836823
2023-06-01 09:30:00-04:00,48245.26964483631,199593.84831915272,0.0014276856939536842
2023-06-02 09:30:00-04:00,45924.84831915272,199593.84831915272,-0.048096348984380644
2023-06-03 09:30:00-04:00,45694.54790106189,160309.5479010619,-0.005014723543349975
2023-06-05 09:30:00-04:00,44556.64608374011,112653.16588964831,-0.024902354210519118
2023-06-06 09:30:00-04:00,44812.63375463855,112653.16588964831,0.005745218579004563
2023-06-07 09:30:00-04:00,44929.45302954089,16652.41286840808,0.002606837963194941
2023-06-08 09:30:00-04:00,44809.332546142454,16652.41286840808,-0.0026735354049259863
2023-06-09 09:30:00-04:00,45029.772304443235,16652.41286840808,0.004919505508674593
2023-06-10 09:30:00-04:00,45029.772304443235,16652.41286840808,0.0
2023-06-12 09:30:00-04:00,45093.13375463855,16652.41286840808,0.0014071012788368087
2023-06-13 09:30:00-04:00,45049.133815673704,49402.33388891589,-0.0009757569567965252
2023-06-14 09:30:00-04:00,45032.23379125964,49402.33388891589,-0.0003751464896797341
2023-06-15 09:30:00-04:00,45039.034023193235,49402.33388891589,0.00015100809711365848
2023-06-16 09:30:00-04:00,44972.13399877917,49402.33388891589,-0.0014853787578927857
2023-06-17 09:30:00-04:00,44972.13399877917,49402.33388891589,0.0
2023-06-20 09:30:00-04:00,45011.45376684558,49385.953888915894,0.0008743140378322245
2023-06-21 09:30:00-04:00,45024.3538522948,49385.953888915894,0.0002865956188848884
2023-06-22 09:30:00-04:00,45046.45376684558,49385.953888915894,0.0004908435693109503
2023-06-23 09:30:00-04:00,45056.65396215808,49385.953888915894,0.00022643725442406115
2023-06-24 09:30:00-04:00,45056.65396215808,49385.953888915894,0.0
2023-06-26 09:30:00-04:00,45059.75393774402,49385.953888915894,6.880172656731354e-05
2023-06-27 09:30:00-04:00,45062.45382788074,49385.953888915894,5.991799556759325e-05
2023-06-28 09:30:00-04:00,45035.45401098621,49385.953888915894,-0.0005991643730201002
2023-06-29 09:30:00-04:00,45060.93411352527,32854.05435278308,0.0005657787425179528
2023-06-30 09:30:00-04:00,44956.813904785035,53344.17395117175,-0.0023106535802812633
2023-07-01 09:30:00-04:00,44956.813904785035,53344.17395117175,0.0
2023-07-03 09:30:00-04:00,44928.6936960448,53344.17395117175,-0.0006254938083422035
2023-07-04 09:30:00-04:00,44928.6936960448,53344.17395117175,0.0
2023-07-05 09:30:00-04:00,44947.883881591675,53344.17395117175,0.00042712538398514965
2023-07-06 09:30:00-04:00,44995.1936960448,53344.17395117175,0.0010525482039989154
2023-07-07 09:30:00-04:00,45010.203858398316,53344.17395117175,0.0003335947935887429
2023-07-08 09:30:00-04:00,45010.203858398316,53344.17395117175,0.0
2023-07-10 09:30:00-04:00,45018.75409033191,53344.17395117175,0.0001899620797207735
2023-07-11 09:30:00-04:00,45086.85467626941,31873.354310058472,0.0015127159183672134
2023-07-12 09:30:00-04:00,45265.0547495116,31873.354310058472,0.003952373136731024
2023-07-13 09:30:00-04:00,45310.354126953,31873.354310058472,0.001000758260253587
2023-07-14 09:30:00-04:00,45387.754639648316,31873.354310058472,0.0017082301426831759
2023-07-15 09:30:00-04:00,45387.754639648316,31873.354310058472,0.0
2023-07-17 09:30:00-04:00,45347.25445654285,31873.354310058472,-0.0008923151944179031
2023-07-18 09:30:00-04:00,45413.01422216785,23789.014222167847,0.0014501377517357472
2023-07-19 09:30:00-04:00,45629.49469091785,23789.014222167847,0.00476692579116067
2023-07-20 09:30:00-04:00,45589.1748666991,23789.014222167847,-0.000883635124427018
2023-07-21 09:30:00-04:00,45579.0938120116,23789.014222167847,-0.00022112825505127276
2023-07-22 09:30:00-04:00,45579.0938120116,23789.014222167847,0.0
2023-07-24 09:30:00-04:00,45550.77398779285,23789.014222167847,-0.0006213336389607749
2023-07-25 09:30:00-04:00,45577.1748666991,23789.014222167847,0.0005795923229170441
2023-07-26 09:30:00-04:00,45603.5742807616,23789.014222167847,0.0005792244503901589
2023-07-27 09:30:00-04:00,45821.9736948241,23789.014222167847,0.004789085450142672
2023-07-28 09:30:00-04:00,45671.25445654285,23789.014222167847,-0.003289234970214161
2023-07-29 09:30:00-04:00,45671.25445654285,23789.014222167847,0.0
2023-07-31 09:30:00-04:00,45744.6943979491,23789.014222167847,0.0016080123543820157
2023-08-01 09:30:00-04:00,45759.514588378785,51691.02444555652,0.0003239761599620472
2023-08-02 09:30:00-04:00,45883.33413793933,64466.58413793933,0.002705875503145938
2023-08-03 09:30:00-04:00,45695.77444555652,29566.33413793933,-0.004087752032556069
2023-08-04 09:30:00-04:00,45792.254181884644,29566.33413793933,0.002111349189257705
2023-08-05 09:30:00-04:00,45792.254181884644,29566.33413793933,0.0
2023-08-07 09:30:00-04:00,45719.893830322144,29566.33413793933,-0.0015801875853301839
2023-08-08 09:30:00-04:00,45697.213654540894,29566.33413793933,-0.0004960679888151853
2023-08-09 09:30:00-04:00,45731.41409399402,29566.33413793933,0.0007484141092644059
2023-08-10 09:30:00-04:00,45701.17422582996,29566.33413793933,-0.0006612493569936317
2023-08-11 09:30:00-04:00,45549.254181884644,29566.33413793933,-0.0033242043890296946
2023-08-12 09:30:00-04:00,45549.254181884644,53096.7442026366,0.0
2023-08-14 09:30:00-04:00,45536.843995117066,53096.7442026366,-0.000272456420867484
2023-08-15 09:30:00-04:00,45510.154389404175,53096.7442026366,-0.0005861101334944108
2023-08-16 09:30:00-04:00,45574.92434790027,53096.7442026366,0.0014231979514263138
2023-08-17 09:30:00-04:00,45636.02377416979,66370.54394628893,0.0013406369213717628
2023-08-18 09:30:00-04:00,46002.15417578112,66370.54394628893,0.008022837472062117
2023-08-19 09:30:00-04:00,46002.15417578112,66370.54394628893,0.0
2023-08-21 09:30:00-04:00,45805.6945200194,66370.54394628893,-0.0042706620870626155
2023-08-22 09:30:00-04:00,45497.14410498034,82997.44348242175,-0.006736071099286756
2023-08-23 09:30:00-04:00,45661.193482421746,82997.44348242175,0.003605707142032344
2023-08-24 09:30:00-04:00,45198.793274902215,82997.44348242175,-0.010126765689940642
2023-08-25 09:30:00-04:00,45709.64410498034,82997.44348242175,0.011302311257981978
2023-08-26 09:30:00-04:00,45709.64410498034,82997.44348242175,0.0
2023-08-28 09:30:00-04:00,45407.04431249987,82997.44348242175,-0.006620042627886069
2023-08-29 09:30:00-04:00,45352.92382910143,103782.72302343737,-0.0011918961962370522
2023-08-30 09:30:00-04:00,44447.40173437487,103782.72302343737,-0.019966123863121688
2023-08-31 09:30:00-04:00,44164.92382910143,103782.72302343737,-0.006355329991201142
2023-09-01 09:30:00-04:00,43964.28125097643,103782.72302343737,-0.004543030095588874
2023-09-02 09:30:00-04:00,43964.28125097643,103782.72302343737,0.0
2023-09-05 09:30:00-04:00,44286.36157324206,103782.72302343737,0.007325954458961448
2023-09-06 09:30:00-04:00,44729.06482031237,129925.0636606444,0.009996378825073648
2023-09-07 09:30:00-04:00,45734.16644384753,129925.0636606444,0.022470883922409257
2023-09-08 09:30:00-04:00,45394.06482031237,129925.0636606444,-0.007436488953017961
2023-09-09 09:30:00-04:00,45394.06482031237,162402.76321508776,0.0
2023-09-11 09:30:00-04:00,44515.64578344714,162402.76321508776,-0.01935096670329839
2023-09-12 09:30:00-04:00,44854.91000463854,162402.76321508776,0.007621235527881742
2023-09-13 09:30:00-04:00,45046.90289404284,162402.76321508776,0.004280309321419651
2023-09-14 09:30:00-04:00,44297.35128881823,162402.76321508776,-0.01663935935812655
2023-09-15 09:30:00-04:00,44804.9393625487,162402.76321508776,0.011458655178297139
2023-09-16 09:30:00-04:00,44804.9393625487,162402.76321508776,0.0
2023-09-18 09:30:00-04:00,45464.28742553698,161986.43421508776,0.014715968202814178
2023-09-19 09:30:00-04:00,45561.596141357295,161986.43421508776,0.002140333024677643
2023-09-20 09:30:00-04:00,45211.80164672839,161986.43421508776,-0.007677397726445934
2023-09-21 09:30:00-04:00,47397.331004638545,161986.43421508776,0.048339797979899846
2023-09-22 09:30:00-04:00,48554.331004638545,202506.53535034167,0.02441065721373148
2023-09-23 09:30:00-04:00,48554.331004638545,202506.53535034167,0.0
2023-09-25 09:30:00-04:00,49722.01057006823,202506.53535034167,0.024048927073428983
2023-09-26 09:30:00-04:00,49759.93867065417,253148.59693481433,0.0007628030353377113
2023-09-27 09:30:00-04:00,50707.93867065417,253148.59693481433,0.019051470426330708
2023-09-28 09:30:00-04:00,51471.071727294795,253148.59693481433,0.015049577573979844
2023-09-29 09:30:00-04:00,48537.01057006823,253148.59693481433,-0.057004081297779674
2023-09-30 09:30:00-04:00,48537.01057006823,253148.59693481433,0.0
2023-10-02 09:30:00-04:00,50930.71924926745,253148.59693481433,0.049317183960962074
2023-10-03 09:30:00-04:00,51901.03773071279,316288.3562121581,0.019051733330062826
2023-10-04 09:30:00-04:00,53760.81165649404,316288.3562121581,0.03583307785541079
2023-10-05 09:30:00-04:00,52336.44532348623,316288.3562121581,-0.026494509459954463
2023-10-06 09:30:00-04:00,53823.01545288076,316288.3562121581,0.02840410960672224
2023-10-07 09:30:00-04:00,53823.01545288076,316288.3562121581,0.0
2023-10-09 09:30:00-04:00,50333.60456420889,316288.3562121581,-0.06483120388761332
2023-10-10 09:30:00-04:00,46008.0717578124,395390.65372802725,-0.08593727478584512
2023-10-11 09:30:00-04:00,43829.16190673818,395390.65372802725,-0.047359295180725125
2023-10-12 09:30:00-04:00,42771.99387695303,395390.65372802725,-0.0241201972338565
2023-10-13 09:30:00-04:00,44176.1906237792,395390.65372802725,0.03282981735351842
2023-10-14 09:30:00-04:00,44176.1906237792,395390.65372802725,0.0
2023-10-16 09:30:00-04:00,45297.907817382715,395390.65372802725,0.0253918949951224
2023-10-17 09:30:00-04:00,46112.98569824209,395390.65372802725,0.017993720243004052
2023-10-18 09:30:00-04:00,44999.3217578124,395390.65372802725,-0.024150766287773573
2023-10-19 09:30:00-04:00,47613.99387695303,395390.65372802725,0.058104700626664174
2023-10-20 09:30:00-04:00,46475.86359741201,-51073.55891845713,-0.02390327269084469
2023-10-21 09:30:00-04:00,46475.86359741201,-51073.55891845713,0.0
2023-10-23 09:30:00-04:00,45017.12772705068,-51073.55891845713,-0.031386955667942806
2023-10-24 09:30:00-04:00,45713.28968383779,-51073.55891845713,0.015464379713608256
2023-10-25 09:30:00-04:00,45539.25443603506,-51073.55891845713,-0.003807103995498884
2023-10-26 09:30:00-04:00,44293.49387695303,-51073.55891845713,-0.027355752185882598
2023-10-27 09:30:00-04:00,43775.9516406249,-51073.55891845713,-0.011684385019747001
2023-10-28 09:30:00-04:00,42679.61623718252,42679.61623718252,-0.025044239185081807
2023-10-30 09:30:00-04:00,42679.61623718252,42679.61623718252,0.0
2023-10-31 09:30:00-04:00,42679.61623718252,42679.61623718252,0.0
2023-11-01 09:30:00-04:00,42679.61623718252,42679.61623718252,0.0
2023-11-02 09:30:00-04:00,42679.61623718252,42679.61623718252,0.0
2023-11-03 09:30:00-04:00,42515.61553527822,53344.11590148916,-0.0038426002003603132
2023-11-04 09:30:00-04:00,42515.61553527822,53344.11590148916,0.0
2023-11-06 09:30:00-05:00,42457.36587097158,53344.11590148916,-0.0013700769369857646
2023-11-07 09:30:00-05:00,42451.865840454004,53344.11590148916,-0.00012954243403351384
2023-11-08 09:30:00-05:00,42405.36620666494,53344.11590148916,-0.001095349588727701
2023-11-09 09:30:00-05:00,42383.36608459463,53344.11590148916,-0.00051880514279945
2023-11-10 09:30:00-05:00,42444.61562683096,53344.11590148916,0.0014451316139940662
2023-11-11 09:30:00-05:00,42444.61562683096,53344.11590148916,0.0
2023-11-13 09:30:00-05:00,42363.36562683096,53344.11590148916,-0.0019142592953212967
2023-11-14 09:30:00-05:00,41973.41582824697,66521.016231079,-0.009204882398130554
2023-11-15 09:30:00-05:00,41819.992023010156,55323.29158355703,-0.003655261365065443
2023-11-16 09:30:00-05:00,41874.28105499258,69276.70112945547,0.0012981597880876716
2023-11-17 09:30:00-05:00,41914.06062652578,24354.701007385156,0.000949976227196947
2023-11-18 09:30:00-05:00,41914.06062652578,24354.701007385156,0.0
2023-11-20 09:30:00-05:00,41925.370959777734,24354.701007385156,0.00026984580073818876
2023-11-21 09:30:00-05:00,42028.720721740625,24354.701007385156,0.0024650887898414187
2023-11-22 09:30:00-05:00,42098.92143585195,24354.701007385156,0.0016703033760201436
2023-11-23 09:30:00-05:00,42098.92143585195,18439.96086456289,0.0
2023-11-24 09:30:00-05:00,42103.601245422265,18439.96086456289,0.0001111622200926643
2023-11-25 09:30:00-05:00,42103.601245422265,18439.96086456289,0.0
2023-11-27 09:30:00-05:00,42081.76054718008,18439.96086456289,-0.0005187370580221895
2023-11-28 09:30:00-05:00,42087.460620422265,46628.26048614492,0.00013545234724188226
2023-11-29 09:30:00-05:00,42056.76054718008,46628.26048614492,-0.0007294351521719422
2023-11-30 09:30:00-05:00,42015.01097442617,30628.01069976797,-0.000992695876019023
2023-12-01 09:30:00-05:00,42010.08134796133,49758.17116119375,-0.00011733012441306201
2023-12-02 09:30:00-05:00,42010.08134796133,49758.17116119375,0.0
2023-12-04 09:30:00-05:00,42012.971057433984,49758.17116119375,6.878609562122051e-05
2023-12-05 09:30:00-05:00,42018.750995178125,49758.17116119375,0.00013757507737888197
2023-12-06 09:30:00-05:00,41958.401202697656,49758.17116119375,-0.0014362586000568056
2023-12-07 09:30:00-05:00,41990.70109893789,49758.17116119375,0.0007698076026347866
2023-12-08 09:30:00-05:00,41981.35130645742,49758.17116119375,-0.00022266340489141
2023-12-09 09:30:00-05:00,41981.35130645742,29629.931537170312,0.0
2023-12-11 09:30:00-05:00,42041.56160308828,29629.931537170312,0.0014342153064901275
2023-12-12 09:30:00-05:00,42010.52156402578,49396.60164215078,-0.0007383179377480342
2023-12-13 09:30:00-05:00,41964.76179840078,49396.60164215078,-0.0010892453585766848
2023-12-14 09:30:00-05:00,41836.60164215078,49396.60164215078,-0.0030539946078017577
2023-12-15 09:30:00-05:00,41884.76179840078,49396.60164215078,0.0011511488591242625
2023-12-16 09:30:00-05:00,41884.76179840078,49396.60164215078,0.0
2023-12-18 09:30:00-05:00,41830.42546636953,49366.10564215078,-0.0012972816293614908
2023-12-19 09:30:00-05:00,41805.62566168203,49366.10564215078,-0.0005928652269492352
2023-12-20 09:30:00-05:00,41782.74577886953,49366.10564215078,-0.0005472919601218207
2023-12-21 09:30:00-05:00,41824.82585699453,49366.10564215078,0.0010071161514302318
2023-12-22 09:30:00-05:00,41718.56590826406,61620.68529302969,-0.00254059512629623
2023-12-23 09:30:00-05:00,41718.56590826406,77258.06480963125,0.0
2023-12-26 09:30:00-05:00,41702.814260314844,77258.06480963125,-0.00037756925738663405
2023-12-27 09:30:00-05:00,41600.06462652578,77258.06480963125,-0.00246385371374902
2023-12-28 09:30:00-05:00,41433.02434332266,96751.1049097289,-0.004015385185161757
2023-12-29 09:30:00-05:00,41478.26604254141,96751.1049097289,0.001091923651140414
2023-12-30 09:30:00-05:00,41478.26604254141,17177.276540588282,0.0
2024-01-02 09:30:00-05:00,41257.43672735586,17177.276540588282,-0.005323976536508512
2024-01-03 09:30:00-05:00,41153.63606817617,12927.836507629298,-0.0025159260345144485
2024-01-04 09:30:00-05:00,41025.83577520742,12927.836507629298,-0.0031054435325479357
2024-01-05 09:30:00-05:00,40977.2359216918,12927.836507629298,-0.001184615806047673
2024-01-06 09:30:00-05:00,40977.2359216918,12927.836507629298,0.0
2024-01-08 09:30:00-05:00,41033.63606817617,12927.836507629298,0.0013763775231729891
2024-01-09 09:30:00-05:00,41009.55605108633,44312.64601690664,-0.0005868360544465379
2024-01-10 09:30:00-05:00,40993.525991271876,44312.64601690664,-0.0003908859631273076
2024-01-11 09:30:00-05:00,40969.51604254141,44312.64601690664,-0.0005857009893606158
2024-01-12 09:30:00-05:00,40967.76604254141,44312.64601690664,-4.271468567462744e-05
2024-01-13 09:30:00-05:00,40967.76604254141,44312.64601690664,0.0
2024-01-16 09:30:00-05:00,40985.825948547266,44312.64601690664,0.00044083209192091743
2024-01-17 09:30:00-05:00,41089.026021789454,55243.626241516016,0.0025179454324464334
2024-01-18 09:30:00-05:00,40959.815877746485,68926.40645391836,-0.0031446387649697316
2024-01-19 09:30:00-05:00,41090.85530645742,23895.455526183985,0.0031992191835543693
2024-01-20 09:30:00-05:00,41090.85530645742,23895.455526183985,0.0
2024-01-22 09:30:00-05:00,41319.815877746485,23895.455526183985,0.0055720565946233425
2024-01-23 09:30:00-05:00,41319.815877746485,23895.455526183985,0.0
2024-01-24 09:30:00-05:00,41456.61543829336,23895.455526183985,0.003310749519107814
2024-01-25 09:30:00-05:00,41448.33504278555,23895.455526183985,-0.00019973640926229663
2024-01-26 09:30:00-05:00,41448.69539434805,23895.455526183985,8.693993670094713e-06
2024-01-27 09:30:00-05:00,41448.69539434805,23895.455526183985,0.0
2024-01-29 09:30:00-05:00,41453.7359216918,23895.455526183985,0.00012160882980261079
2024-01-30 09:30:00-05:00,41419.77608282461,47306.496053527735,-0.0008192226372875089
2024-01-31 09:30:00-05:00,41489.616170715235,59079.935994933985,0.0016861531977132582
2024-02-01 09:30:00-05:00,41633.255819152735,59079.935994933985,0.0034620626001087285
2024-02-02 09:30:00-05:00,41452.53621466055,59079.935994933985,-0.004340751184034208
2024-02-03 09:30:00-05:00,41452.53621466055,59079.935994933985,0.0
2024-02-05 09:30:00-05:00,41306.73555548086,59079.935994933985,-0.0035172916422933076
2024-02-06 09:30:00-05:00,41313.2163904418,59079.935994933985,0.00015689535553420342
2024-02-07 09:30:00-05:00,41130.3951013793,73885.53566534414,-0.004425249473066883
2024-02-08 09:30:00-05:00,41010.93526251211,73885.53566534414,-0.002904417489127953
2024-02-09 09:30:00-05:00,41038.314901183985,22581.235036682032,0.0006676180022868738
2024-02-10 09:30:00-05:00,41038.314901183985,46525.55486090078,0.0
2024-02-12 09:30:00-05:00,41012.684713195704,46525.55486090078,-0.0006245428948531417
2024-02-13 09:30:00-05:00,40859.96437628164,29485.774404357813,-0.0037237342052109934
2024-02-14 09:30:00-05:00,40826.064229797266,48277.914357971094,-0.0008296665697548056
2024-02-15 09:30:00-05:00,40728.564229797266,60200.87456304922,-0.0023881802431702237
2024-02-16 09:30:00-05:00,40562.27397711172,75179.57481939688,-0.004082890124663119
2024-02-17 09:30:00-05:00,40562.27397711172,75179.57481939688,0.0
2024-02-20 09:30:00-05:00,40836.89473516836,75179.57481939688,0.0067703491725241705
2024-02-21 09:30:00-05:00,40995.593892883204,75179.57481939688,0.00388617104077138
2024-02-22 09:30:00-05:00,40402.88414556875,75179.57481939688,-0.014457889032249094
2024-02-23 09:30:00-05:00,40039.945577453516,75179.57481939688,-0.008982986630548306
2024-02-24 09:30:00-05:00,40039.945577453516,75179.57481939688,0.0
2024-02-26 09:30:00-05:00,40106.87566168203,75179.57481939688,0.001671582797210469
2024-02-27 09:30:00-05:00,40217.27397711172,75179.57481939688,0.0027526032284574953
2024-02-28 09:30:00-05:00,40311.80574591055,75179.57481939688,0.002350526513871243
2024-02-29 09:30:00-05:00,40021.363546203516,93876.7843225707,-0.007204891825926096
2024-03-01 09:30:00-05:00,39924.90315801992,93876.7843225707,-0.002410222432132625
2024-03-02 09:30:00-05:00,39924.90315801992,93876.7843225707,0.0
2024-03-04 09:30:00-05:00,39601.601217101954,93876.7843225707,-0.008097751411903609
2024-03-05 09:30:00-05:00,39519.259420226954,16048.219869445704,-0.002079254230746619
2024-03-06 09:30:00-05:00,39533.519307922266,16048.219869445704,0.00036083387959484625
2024-03-07 09:30:00-05:00,39652.66054327383,16048.219869445704,0.0030136764304635744
2024-03-08 09:30:00-05:00,39634.10048468008,43757.78066046133,-0.00046806590880565935
2024-03-09 09:30:00-05:00,39634.10048468008,43757.78066046133,0.0
2024-03-11 09:30:00-04:00,39673.940572570704,43757.78066046133,0.0010051972267171028
2024-03-12 09:30:00-04:00,39650.18056280508,43757.78066046133,-0.0005988820223734592
2024-03-13 09:30:00-04:00,39620.90077764883,43757.78066046133,-0.0007384527571033805
2024-03-14 09:30:00-04:00,39622.02089483633,43757.78066046133,2.8270866272883666e-05
2024-03-15 09:30:00-04:00,39676.100728820704,43757.78066046133,0.001364893379060872
2024-03-16 09:30:00-04:00,39676.100728820704,43757.78066046133,0.0
2024-03-18 09:30:00-04:00,39633.02066046133,43745.02066046133,-0.0010857939053492416
2024-03-19 09:30:00-04:00,39647.82046514883,43745.02066046133,0.00037342106256010865
2024-03-20 09:30:00-04:00,39618.86050421133,43745.02066046133,-0.0007304300866414204
2024-03-21 09:30:00-04:00,39557.90054327383,43745.02066046133,-0.0015386601270629408
2024-03-22 09:30:00-04:00,39568.14077764883,43745.02066046133,0.0002588669831908863
2024-03-23 09:30:00-04:00,39568.14077764883,43745.02066046133,0.0
2024-03-25 09:30:00-04:00,39586.62075811758,43745.02066046133,0.00046704192073621087
2024-03-26 09:30:00-04:00,39575.18081671133,43745.02066046133,-0.0002889850456332388
2024-03-27 09:30:00-04:00,39571.34048468008,43745.02066046133,-9.70389004421035e-05
2024-03-28 09:30:00-04:00,39559.34048468008,43745.02066046133,-0.00030324977251261487
2024-03-29 09:30:00-04:00,39559.34048468008,43745.02066046133,0.0
2024-04-01 09:30:00-04:00,39554.38052374258,43745.02066046133,-0.00012538027370356808
2024-04-02 09:30:00-04:00,39436.98995977773,28553.950164855858,-0.0029678271384980803
2024-04-03 09:30:00-04:00,39426.06954962148,28553.950164855858,-0.0002769078007065495
2024-04-04 09:30:00-04:00,39629.07125860586,21305.870575012108,0.0051489207852402075
2024-04-05 09:30:00-04:00,39221.37136846914,16070.670379699608,-0.01028789919087958
2024-04-06 09:30:00-04:00,39221.37136846914,43337.05154425039,0.0
2024-04-08 09:30:00-04:00,39183.85134893789,43337.05154425039,-0.0009566218166816576
2024-04-09 09:30:00-04:00,39173.05154425039,43337.05154425039,-0.0002756187642538599
2024-04-10 09:30:00-04:00,39229.21170050039,43337.05154425039,0.0014336426200181052
2024-04-11 09:30:00-04:00,39165.41134649648,54120.13113409414,-0.0016263481023018889
2024-04-12 09:30:00-04:00,39237.46121221915,67527.81094366446,0.0018396300012080147
2024-04-13 09:30:00-04:00,39237.46121221915,67527.81094366446,0.0
2024-04-15 09:30:00-04:00,39195.66067510977,67527.81094366446,-0.0010653221645328115
2024-04-16 09:30:00-04:00,39756.110809387115,67527.81094366446,0.014298780135966416
2024-04-17 09:30:00-04:00,39695.06161505118,67527.81094366446,-0.0015355927200384478
2024-04-18 09:30:00-04:00,39918.91033941641,67527.81094366446,0.0056392083865757225
2024-04-19 09:30:00-04:00,40058.610809387115,67527.81094366446,0.0034996062964365304
2024-04-20 09:30:00-04:00,40058.610809387115,67527.81094366446,0.0
2024-04-22 09:30:00-04:00,40147.16168218985,67527.81094366446,0.0022105327921653206
2024-04-23 09:30:00-04:00,39929.91101080313,67527.81094366446,-0.005411358170385849
2024-04-24 09:30:00-04:00,39667.0110779418,67527.81094366446,-0.006584035030536395
2024-04-25 09:30:00-04:00,40072.91134649649,67527.81094366446,0.010232691032786345
2024-04-26 09:30:00-04:00,39678.5606079711,67527.81094366446,-0.009840830757605223
2024-04-27 09:30:00-04:00,39678.5606079711,84237.36114508047,0.0
2024-04-29 09:30:00-04:00,39349.4414673461,84237.36114508047,-0.008294634068930495
2024-04-30 09:30:00-04:00,39484.081359924225,84237.36114508047,0.0034216468533576627
2024-05-01 09:30:00-04:00,40115.920715392975,84237.36114508047,0.01600238206656268
2024-05-02 09:30:00-04:00,39755.82214361563,105295.3213501586,-0.008976450380688172
2024-05-03 09:30:00-04:00,38844.52087408438,105295.3213501586,-0.02292246067102388
2024-05-04 09:30:00-04:00,38844.52087408438,105295.3213501586,0.0
2024-05-06 09:30:00-04:00,38507.8213501586,105295.3213501586,-0.008667876867813673
2024-05-07 09:30:00-04:00,38702.13122564688,12306.5713501586,0.005045984651309787
2024-05-08 09:30:00-04:00,38715.93115240469,41807.49121099844,0.0003565676183916455
2024-05-09 09:30:00-04:00,38703.21118170157,41807.49121099844,-0.0003285461649638055
2024-05-10 09:30:00-04:00,38791.81103521719,28355.61108404532,0.0022892119493567176
2024-05-11 09:30:00-04:00,38791.81103521719,28355.61108404532,0.0
2024-05-13 09:30:00-04:00,38806.81103521719,28355.61108404532,0.0003866795491034303
2024-05-14 09:30:00-04:00,38777.81079107657,28355.61108404532,-0.0007472977904395828
2024-05-15 09:30:00-04:00,38872.21142584219,28355.61108404532,0.0024343982509540396
2024-05-16 09:30:00-04:00,38953.21118170157,28355.61108404532,0.0020837444767942692
2024-05-17 09:30:00-04:00,38931.81103521719,28355.61108404532,-0.0005493808041794335
2024-05-18 09:30:00-04:00,38931.81103521719,28355.61108404532,0.0
2024-05-20 09:30:00-04:00,38947.01123052969,28355.61108404532,0.00039043124140181185
2024-05-21 09:30:00-04:00,38941.21166998282,28355.61108404532,-0.00014890900132358276
2024-05-22 09:30:00-04:00,38968.61157232657,28355.61108404532,0.0007036222338421272
2024-05-23 09:30:00-04:00,39014.81152349844,28355.61108404532,0.0011855683153125796
2024-05-24 09:30:00-04:00,39081.24212652579,45943.291809142975,0.0017027021388360541
2024-05-25 09:30:00-04:00,39081.24212652579,45943.291809142975,0.0
2024-05-28 09:30:00-04:00,39049.781555236725,45943.291809142975,-0.000805004385152519
2024-05-29 09:30:00-04:00,39210.43249517813,57609.232238830475,0.004114003549908762
2024-05-30 09:30:00-04:00,39251.031555236725,57609.232238830475,0.0010354147474294084
